[
  "Abfaltersbach",
  "Absam",
  "Absdorf",
  "Abtenau",
  "Abtissendorf",
  "Abwinden",
  "Achau",
  "Achenkirch",
  "Aderklaa",
  "Adlwang",
  "Admont",
  "Adnet",
  "Afiesl",
  "Aflenz Kurort",
  "Aggsbach",
  "Ahorn",
  "Aibl",
  "Aichkirchen",
  "Aigen im Ennstal",
  "Aigen im Mühlkreis",
  "Ainet",
  "Aistersheim",
  "Albeck",
  "Alberndorf in der Riedmark",
  "Alberschwende",
  "Albersdorf",
  "Aldrans",
  "Alkoven",
  "Alland",
  "Allentsteig",
  "Allerheiligen bei Wildon",
  "Allerheiligen im Mühlkreis",
  "Allerheiligen im Mürztal",
  "Allhaming",
  "Allhartsberg",
  "Alpbach",
  "Altach",
  "Altaussee",
  "Altenberg bei Linz",
  "Altenburg",
  "Altendorf",
  "Altenfelden",
  "Altenmarkt an der Triesting",
  "Altenmarkt bei Fürstenfeld",
  "Altenmarkt bei Sankt Gallen",
  "Altenmarkt im Pongau",
  "Altheim",
  "Althofen",
  "Altlengbach",
  "Altlichtenberg",
  "Altlichtenwarth",
  "Altmelon",
  "Altmünster",
  "Amlach",
  "Ampass",
  "Ampflwang",
  "Amras",
  "Amstetten",
  "Andau",
  "Andelsbuch",
  "Andlersdorf",
  "Andorf",
  "Andritz",
  "Angath",
  "Anger",
  "Anger",
  "Angerberg",
  "Angern an der March",
  "Anif",
  "Annabichl",
  "Anras",
  "Ansfelden",
  "Antau",
  "Anthering",
  "Apetlon",
  "Apfelberg",
  "Arbesbach",
  "Ardagger Stift",
  "Ardning",
  "Arnfels",
  "Arnoldstein",
  "Arnreit",
  "Arriach",
  "Arzberg",
  "Arzl",
  "Arzl im Pitztal",
  "Aschach an der Donau",
  "Aschach an der Steyr",
  "Aschau",
  "Aschau im Zillertal",
  "Aschbach Markt",
  "Aspang Markt",
  "Asparn an der Zaya",
  "Asperhofen",
  "Asten",
  "Attendorf",
  "Attersee",
  "Attnang",
  "Attnang-Puchheim",
  "Atzbach",
  "Atzenbrugg",
  "Atzesberg",
  "Au",
  "Au",
  "Au am Leithaberge",
  "Au an der Traun",
  "Audorf",
  "Auen",
  "Auersbach",
  "Auersthal",
  "Aurach",
  "Aurach am Hongar",
  "Aurolzmünster",
  "Ausserbraz",
  "Außervillgraten",
  "Axams",
  "Bachmanning",
  "Bad Aussee",
  "Bad Bleiberg",
  "Bad Blumau",
  "Bad Deutsch-Altenburg",
  "Bad Eisenkappel",
  "Bad Erlach",
  "Bad Fischau",
  "Bad Gams",
  "Bad Gastein",
  "Bad Gleichenberg",
  "Bad Goisern",
  "Bad Hall",
  "Bad Häring",
  "Bad Hofgastein",
  "Bad Ischl",
  "Bad Kleinkirchheim",
  "Bad Kreuzen",
  "Bad Leonfelden",
  "Bad Pirawarth",
  "Bad Radkersburg",
  "Bad Sankt Leonhard im Lavanttal",
  "Bad Sauerbrunn",
  "Bad Schallerbach",
  "Bad Schönau",
  "Bad Tatzmannsdorf",
  "Bad Traunstein",
  "Bad Vöslau",
  "Bad Waltersdorf",
  "Bad Zell",
  "Baden",
  "Badersdorf",
  "Baierdorf-Umgebung",
  "Bairisch Kölldorf",
  "Baldramsdorf",
  "Bärnbach",
  "Bärnkopf",
  "Bartholomäberg",
  "Barwies",
  "Batschuns",
  "Baumgarten bei Gnas",
  "Baumkirchen",
  "Behamberg",
  "Berg",
  "Berg",
  "Berg im Drautal",
  "Bergern",
  "Bergham",
  "Bergheim",
  "Bergland",
  "Bernardin",
  "Berndorf",
  "Berndorf",
  "Berndorf bei Salzburg",
  "Bernhardsthal",
  "Bernstein",
  "Berwang",
  "Bezau",
  "Biberbach",
  "Biberwier",
  "Bichlbach",
  "Biedermannsdorf",
  "Bierbaum am Auersbach",
  "Bildstein",
  "Birgitz",
  "Birkfeld",
  "Bisamberg",
  "Bischofshofen",
  "Bischofstetten",
  "Bizau",
  "Blaindorf",
  "Bleiburg",
  "Blindenmarkt",
  "Blons",
  "Bludenz",
  "Bludesch",
  "Bockfließ",
  "Bocksdorf",
  "Bodensdorf",
  "Böheimkirchen",
  "Bramberg am Wildkogel",
  "Brand",
  "Brandenberg",
  "Brandln",
  "Braunau am Inn",
  "Braunau Neustadt",
  "Bregenz",
  "Breitenau",
  "Breitenbach am Inn",
  "Breitenbrunn",
  "Breitenfeld am Tannenriegel",
  "Breitenfeld an der Rittschein",
  "Breitenfurt bei Wien",
  "Breitenwang",
  "Bretstein",
  "Brixen im Thale",
  "Brixlegg",
  "Bromberg",
  "Bruck am Ziller",
  "Bruck an der Großglocknerstraße",
  "Bruck an der Leitha",
  "Bruck an der Mur",
  "Brückl",
  "Bruckneudorf",
  "Brunn",
  "Brunn am Gebirge",
  "Brunn an der Schneebergbahn",
  "Brunn an der Wild",
  "Buch in Tirol",
  "Buchbach",
  "Buchkirchen",
  "Burgau",
  "Burgfried",
  "Burgfried",
  "Bürmoos",
  "Bürs",
  "Bürserberg",
  "Dalaas",
  "Damüls",
  "Debant",
  "Dechantskirchen",
  "Dellach",
  "Dellach im Drautal",
  "Desselbrunn",
  "Deuchendorf",
  "Deutsch Goritz",
  "Deutsch Griffen",
  "Deutsch Jahrndorf",
  "Deutsch Kaltenbrunn",
  "Deutsch-Wagram",
  "Deutschfeistritz",
  "Deutschkreutz",
  "Deutschlandsberg",
  "Dickerldorf",
  "Diemlach",
  "Dienersdorf",
  "Dienten am Hochkönig",
  "Diesseits",
  "Dietach",
  "Dietachdorf",
  "Dietersdorf",
  "Dietersdorf am Gnasbach",
  "Diex",
  "Dobersberg",
  "Döbriach",
  "Dölsach",
  "Donaustadt",
  "Donawitz",
  "Donnersbach",
  "Donnerskirchen",
  "Doppl",
  "Doren",
  "Dorfbeuern",
  "Dorfgastein",
  "Dörfl",
  "Dorfstetten",
  "Dornbirn",
  "Draschen",
  "Drasenhofen",
  "Drassburg",
  "Drösing",
  "Droß",
  "Düns",
  "Dünserberg",
  "Dürnau",
  "Dürnkrut",
  "Dürnstein",
  "Dürnstein in der Steiermark",
  "Ebbs",
  "Eben am Achensee",
  "Eben im Pongau",
  "Ebenau",
  "Ebenfurth",
  "Ebensee",
  "Ebenthal",
  "Ebenthal",
  "Eberau",
  "Ebergassing",
  "Eberndorf",
  "Eberschwang",
  "Ebersdorf",
  "Eberstalzell",
  "Eberstein",
  "Ebreichsdorf",
  "Ebriach",
  "Eching",
  "Echsenbach",
  "Eckartsau",
  "Edelsbach bei Feldbach",
  "Edelschrott",
  "Edelsgrub",
  "Edelstal",
  "Edelstauden",
  "Edlitz",
  "Edt bei Lambach",
  "Eferding",
  "Egg",
  "Eggenberg",
  "Eggenburg",
  "Eggendorf",
  "Eggern",
  "Eggersdorf bei Graz",
  "Ehenbichl",
  "Ehrenhausen",
  "Ehrwald",
  "Eibiswald",
  "Eichberg",
  "Eichenberg",
  "Eichfeld",
  "Eichgraben",
  "Eidenberg",
  "Eisbach",
  "Eisenerz",
  "Eisenkappel-Vellach",
  "Eisenstadt",
  "Eisenstadt Stadt",
  "Eisenstadt-Umgebung",
  "Eisgarn",
  "Elbigenalp",
  "Elixhausen",
  "Ellbögen",
  "Ellmau",
  "Elmen",
  "Elsbethen",
  "Eltendorf",
  "Emmersdorf an der Donau",
  "Empersdorf",
  "Endach",
  "Engelhartstetten",
  "Engerwitzdorf",
  "Enns",
  "Ennsdorf",
  "Enzenreith",
  "Enzersdorf an der Fischa",
  "Enzersfeld",
  "Eppenstein",
  "Erl",
  "Erlauf",
  "Ernstbrunn",
  "Ernsthofen",
  "Erpersdorf",
  "Erpfendorf",
  "Ertl",
  "Esch",
  "Eschenau",
  "Eugendorf",
  "Euratsfeld",
  "Faak am See",
  "Faistenau",
  "Falkenburg",
  "Falkenstein",
  "Fallbach",
  "Farrach",
  "Favoriten",
  "Feffernitz",
  "Fehring",
  "Feistritz am Wechsel",
  "Feistritz an der Drau",
  "Feistritz an der Gail",
  "Feistritz bei Knittelfeld",
  "Feistritz im Rosental",
  "Feistritz ob Bleiburg",
  "Feld am See",
  "Feldbach",
  "Feldkirch",
  "Feldkirchen an der Donau",
  "Feldkirchen bei Graz",
  "Feldkirchen District",
  "Feldkirchen in Kärnten",
  "Felixdorf",
  "Fels am Wagram",
  "Fendels",
  "Ferlach",
  "Ferndorf",
  "Fernitz",
  "Ferschnitz",
  "Fieberbrunn",
  "Fiecht",
  "Filzmoos",
  "Finkenberg",
  "Finkenstein",
  "Finkenstein am Faaker See",
  "Fischamend-Markt",
  "Fischbach",
  "Fisching",
  "Fiss",
  "Flachau",
  "Fladnitz im Raabtal",
  "Flatschach",
  "Flattach",
  "Flaurling",
  "Fliess",
  "Flirsch",
  "Floing",
  "Floridsdorf",
  "Föderlach I",
  "Fohnsdorf",
  "Forchach",
  "Forchtenstein",
  "Fornach",
  "Forstau",
  "Frankenburg",
  "Frankenfels",
  "Frankenmarkt",
  "Frannach",
  "Frantschach-Sankt Gertraud",
  "Frastanz",
  "Frauenberg",
  "Frauenkirchen",
  "Frauenstein",
  "Fraxern",
  "Freidorf an der Laßnitz",
  "Freiland bei Deutschlandsberg",
  "Freindorf",
  "Freistadt",
  "Fresach",
  "Fresen",
  "Friedberg",
  "Friesach",
  "Fritzens",
  "Frohnleiten",
  "Frohsdorf",
  "Fügen",
  "Fügenberg",
  "Fulpmes",
  "Fürnitz",
  "Fürstenfeld",
  "Furth an der Triesting",
  "Furth bei Göttweig",
  "Fuschl am See",
  "Fußach",
  "Gaaden",
  "Gaal",
  "Gabersdorf",
  "Gablitz",
  "Gaflenz",
  "Gailitz",
  "Gainfarn",
  "Gaißau",
  "Gallizien",
  "Gallmannsegg",
  "Gallneukirchen",
  "Gallspach",
  "Gallzein",
  "Galtür",
  "Gaming",
  "Gamlitz",
  "Gampern",
  "Gams bei Hieflau",
  "Gänserndorf",
  "Ganz",
  "Garanas",
  "Gars am Kamp",
  "Garsten",
  "Gaschurn",
  "Gasen",
  "Gaspoltshofen",
  "Gastern",
  "Gattendorf",
  "Gaubitsch",
  "Gaumberg",
  "Gaweinstal",
  "Geboltskirchen",
  "Gedersdorf",
  "Geidorf",
  "Geistthal",
  "Gemmersdorf",
  "Georgenberg",
  "Geras",
  "Gerasdorf bei Wien",
  "Gerersdorf",
  "Gerlamoos",
  "Gerlos",
  "Gerlosberg",
  "Gerolding",
  "Gersdorf an der Feistritz",
  "Gföhl",
  "Gießhübl",
  "Gitschtal",
  "Glanegg",
  "Glanegg",
  "Glasenbach",
  "Gleinstätten",
  "Gleisdorf",
  "Glinzendorf",
  "Globasnitz",
  "Glödnitz",
  "Gloggnitz",
  "Glojach",
  "Gmünd",
  "Gmünd",
  "Gmünd in Kärnten",
  "Gmunden",
  "Gnadendorf",
  "Gnadenwald",
  "Gnas",
  "Gneixendorf",
  "Gnesau",
  "Gniebing",
  "Göfis",
  "Going",
  "Goldwörth",
  "Göllersdorf",
  "Golling an der Salzach",
  "Gols",
  "Göpfritz an der Wild",
  "Görtschach",
  "Gosau",
  "Gosdorf",
  "Göss",
  "Gössenberg",
  "Gossendorf",
  "Gösting",
  "Göstling an der Ybbs",
  "Göttelsberg",
  "Götzendorf an der Leitha",
  "Götzens",
  "Götzis",
  "Grabersdorf",
  "Grafendorf bei Hartberg",
  "Grafenegg",
  "Grafenschachen",
  "Grafenschlag",
  "Grafenstein",
  "Grafenwörth",
  "Gralla",
  "Gramais",
  "Gramastetten",
  "Gramatneusiedl",
  "Grambach",
  "Grän",
  "Gratkorn",
  "Gratwein",
  "Graz",
  "Graz Stadt",
  "Greifenburg",
  "Grein",
  "Greinsfurth",
  "Greisdorf",
  "Gressenberg",
  "Gresten",
  "Gries",
  "Gries",
  "Gries am Brenner",
  "Gries im Sellrain",
  "Grieskirchen",
  "Griffen",
  "Grimmenstein",
  "Grins",
  "Grinzens",
  "Gröbming",
  "Grödig",
  "Groß Sankt Florian",
  "Groß-Engersdorf",
  "Groß-Enzersdorf",
  "Groß-Gerungs",
  "Groß-Schweinbarth",
  "Groß-Siegharts",
  "Grossarl",
  "Großdorf",
  "Großebersdorf",
  "Grossgmain",
  "Großharras",
  "Großhofen",
  "Grosshöflein",
  "Großkirchheim",
  "Großklein",
  "Großkrut",
  "Großlobming",
  "Großmugl",
  "Grosspetersdorf",
  "Grossraming",
  "Großriedenthal",
  "Großrußbach",
  "Großsölk",
  "Grosssulz",
  "Großweikersdorf",
  "Grünau im Almtal",
  "Grünbach am Schneeberg",
  "Grünburg",
  "Gschnitz",
  "Gschwandt",
  "Gugging",
  "Gumpoldskirchen",
  "Gundersdorf",
  "Günselsdorf",
  "Gunskirchen",
  "Guntersdorf",
  "Guntramsdorf",
  "Gurk",
  "Güssing",
  "Gutau",
  "Gutenbrunn",
  "Gutenstein",
  "Guttaring",
  "Güttenbach",
  "Haag",
  "Haag",
  "Haag am Hausruck",
  "Habach",
  "Hackerberg",
  "Hadersdorf am Kamp",
  "Hadres",
  "Hafendorf",
  "Hafnerbach",
  "Hagenberg im Mühlkreis",
  "Hagenbrunn",
  "Haibach im Mühlkreis",
  "Haid",
  "Haiden",
  "Haidershofen",
  "Haidl",
  "Haiming",
  "Hainburg an der Donau",
  "Hainersdorf",
  "Hainfeld",
  "Hainsdorf im Schwarzautal",
  "Hainzenberg",
  "Halbenrain",
  "Halbturn",
  "Hall bei Admont",
  "Hall in Tirol",
  "Hallein",
  "Hallwang",
  "Handenberg",
  "Hannersdorf",
  "Hard",
  "Hardegg",
  "Haringsee",
  "Harland",
  "Harmannsdorf",
  "Hart",
  "Hart",
  "Hart bei Graz",
  "Hart im Zillertal",
  "Hartberg",
  "Hartheim",
  "Hartkirchen",
  "Hartl",
  "Hartmannsdorf",
  "Haselbach",
  "Häselgehr",
  "Haslach an der Mühl",
  "Hatting",
  "Hatzendorf",
  "Haugschlag",
  "Haugsdorf",
  "Haunoldstein",
  "Haus",
  "Haus im Ennstal",
  "Hausbrunn",
  "Hauskirchen",
  "Hausleiten",
  "Hausmannstätten",
  "Hausmening",
  "Heidenreichstein",
  "Heiligenblut",
  "Heiligenbrunn",
  "Heiligeneich",
  "Heiligenkreuz",
  "Heiligenkreuz am Waasen",
  "Heiligenkreuz im Lafnitztal",
  "Heimschuh",
  "Heinfels",
  "Heiterwang",
  "Hellmonsödt",
  "Hengsberg",
  "Henndorf am Wallersee",
  "Hennersdorf",
  "Hermagor",
  "Hermagor District",
  "Hermagor-Pressegger See",
  "Hernals",
  "Hernstein",
  "Herrnbaumgarten",
  "Herzogenburg",
  "Herzogsdorf",
  "Hetzendorf",
  "Heugraben",
  "Hieflau",
  "Hietzing",
  "Himberg",
  "Himmelberg",
  "Himmelreich",
  "Hinterberg",
  "Hinterbrühl",
  "Hinterglemm",
  "Hinterleiten",
  "Hintersee",
  "Hippach",
  "Hirm",
  "Hirnsdorf",
  "Hirschbach",
  "Hirschegg",
  "Hirtenberg",
  "Hittisau",
  "Hitzendorf",
  "Hochburg-Ach",
  "Hochfilzen",
  "Hochleithen",
  "Hochpoint",
  "Höchst",
  "Hochtregist",
  "Hochwolkersdorf",
  "Hof",
  "Hof",
  "Höf",
  "Hof am Leithaberge",
  "Hof bei Salzburg",
  "Hof bei Straden",
  "Hofamt Priel",
  "Höfen",
  "Hofkirchen im Traunkreis",
  "Höflein",
  "Höfling",
  "Hofstätten an der Raab",
  "Hofstetten",
  "Hohenau",
  "Hohenau an der Raab",
  "Hohenberg",
  "Hoheneich",
  "Hohenems",
  "Hohenruppersdorf",
  "Hohentauern",
  "Hohenthurn",
  "Hohenweiler",
  "Hollabrunn",
  "Hollenegg",
  "Hollenstein an der Ybbs",
  "Hollenthon",
  "Hollersbach im Pinzgau",
  "Holzgau",
  "Holzhausen",
  "Hönigsberg",
  "Hopfgarten im Brixental",
  "Hopfgarten in Defereggen",
  "Hörbranz",
  "Horitschon",
  "Horn",
  "Hornstein",
  "Hörsching",
  "Hörtendorf",
  "Hötting",
  "Hundsheim",
  "Hürm",
  "Hüttau",
  "Hutten",
  "Hüttenberg",
  "Hüttschlag",
  "Igls",
  "Illmitz",
  "Ilz",
  "Imst",
  "Imsterberg",
  "Innerbraz",
  "Innere Stadt",
  "Innere Stadt",
  "Innerschwand",
  "Innervillgraten",
  "Innsbruck",
  "Innsbruck Stadt",
  "Inzenhof",
  "Inzersdorf im Kremstal",
  "Inzing",
  "Irdning",
  "Irrsdorf",
  "Irschen",
  "Ischgl",
  "Itter",
  "Jabing",
  "Jagerberg",
  "Jaidhof",
  "Jakomini",
  "Japons",
  "Jedenspeigen",
  "Jenbach",
  "Jennersdorf",
  "Jerzens",
  "Jochberg",
  "Johnsbach",
  "Jois",
  "Judenburg",
  "Judendorf",
  "Jungholz",
  "Kaibing",
  "Kainach bei Voitsberg",
  "Kainbach",
  "Kaindorf",
  "Kaindorf an der Sulm",
  "Kaisersdorf",
  "Kalsdorf bei Graz",
  "Kaltenbach",
  "Kaltenbach",
  "Kaltenleutgeben",
  "Kalwang",
  "Kammern im Liesingtal",
  "Kapellen",
  "Kapelln",
  "Kapfenberg",
  "Kapfenstein",
  "Kapfing",
  "Kappel am Krappfeld",
  "Kappl",
  "Kaprun",
  "Karlstetten",
  "Karres",
  "Karrösten",
  "Kartitsch",
  "Kasten bei Böheimkirchen",
  "Katsdorf",
  "Katzelsdorf",
  "Kaumberg",
  "Kauns",
  "Kautzen",
  "Kematen an der Krems",
  "Kematen an der Ybbs",
  "Kematen in Tirol",
  "Kemeten",
  "Kennelbach",
  "Keutschach am See",
  "Kierling",
  "Kilb",
  "Kindberg",
  "Kirchbach",
  "Kirchbach in Steiermark",
  "Kirchberg am Wagram",
  "Kirchberg am Walde",
  "Kirchberg am Wechsel",
  "Kirchberg an der Pielach",
  "Kirchberg an der Raab",
  "Kirchberg in Tirol",
  "Kirchberg ob der Donau",
  "Kirchbichl",
  "Kirchdorf an der Krems",
  "Kirchdorf in Tirol",
  "Kirchenviertel",
  "Kirchschlag",
  "Kirchschlag bei Linz",
  "Kirchschlag in der Buckligen Welt",
  "Kirchstetten",
  "Kirnberg an der Mank",
  "Kittsee",
  "Kitzbühel",
  "Kitzeck im Sausal",
  "Klaffer am Hochficht",
  "Klagenfurt",
  "Klagenfurt am Wörthersee",
  "Klagenfurt-Land District",
  "Klaus",
  "Klausen-Leopoldsdorf",
  "Kleblach-Lind",
  "Klein Sankt Paul",
  "Klein-Neusiedl",
  "Klein-Pöchlarn",
  "Kleinarl",
  "Kleinedling",
  "Kleinhöflein im Burgenland",
  "Kleinlobming",
  "Kleinmürbisch",
  "Kleinsöding",
  "Kleinsölk",
  "Kleinzell",
  "Klingenbach",
  "Klöch",
  "Kloster",
  "Klösterle",
  "Klosterneuburg",
  "Knittelfeld",
  "Kobenz",
  "Kobersdorf",
  "Koblach",
  "Köflach",
  "Kohfidisch",
  "Kohlberg",
  "Kohlschwarz",
  "Kolsass",
  "Kolsassberg",
  "Königsdorf",
  "Königstetten",
  "Königswiesen",
  "Kopfing im Innkreis",
  "Koppl",
  "Korneuburg",
  "Kössen",
  "Köstendorf",
  "Kötschach",
  "Kötschach-Mauthen",
  "Kottingbrunn",
  "Köttmannsdorf",
  "Krakaudorf",
  "Krakauhintermühlen",
  "Krakauschatten",
  "Kramsach",
  "Kraubath an der Mur",
  "Krems",
  "Krems an der Donau",
  "Krems an der Donau Stadt",
  "Kremsdorf",
  "Kremsmünster",
  "Krensdorf",
  "Krieglach",
  "Krimml",
  "Krispl",
  "Kritzendorf",
  "Kronstorf",
  "Krottendorf",
  "Krottendorf bei Ligist",
  "Krumau am Kamp",
  "Krumbach",
  "Krumbach Markt",
  "Krumegg",
  "Krumnussbaum",
  "Krumpendorf",
  "Krusdorf",
  "Kuchl",
  "Kufstein",
  "Kühnsdorf",
  "Kukmirn",
  "Kulm am Zirbitz",
  "Kumberg",
  "Kundl",
  "Laa an der Thaya",
  "Laab",
  "Laab im Walde",
  "Laahen",
  "Laakirchen",
  "Labuch",
  "Lackenbach",
  "Lackendorf",
  "Ladendorf",
  "Ladis",
  "Lafnitz",
  "Lambach",
  "Lamnitz",
  "Lamprechtshausen",
  "Landeck",
  "Landegg",
  "Landl",
  "Landskron",
  "Lang",
  "Langau",
  "Langegg bei Graz",
  "Langen",
  "Langenegg",
  "Längenfeld",
  "Langenlebarn-Oberaigen",
  "Langenlois",
  "Langenrohr",
  "Langenstein",
  "Langenwang",
  "Langenzersdorf",
  "Langholzfeld",
  "Langschlag",
  "Lannach",
  "Lans",
  "Lanzendorf",
  "Lanzenkirchen",
  "Lassee",
  "Lassnitzhöhe",
  "Launsdorf",
  "Laussa",
  "Lauterach",
  "Lavamünd",
  "Lavant",
  "Laxenburg",
  "Lech",
  "Lechaschau",
  "Ledenitzen",
  "Lehen",
  "Leiben",
  "Leibnitz",
  "Leisach",
  "Leitendorf",
  "Leitersdorf im Raabtal",
  "Leithaprodersdorf",
  "Leitring",
  "Leitzersdorf",
  "Lembach im Mühlkreis",
  "Lend",
  "Lend",
  "Lendorf",
  "Lengenfeld",
  "Lengfelden",
  "Lenzing",
  "Leoben",
  "Leobendorf",
  "Leobersdorf",
  "Leogang",
  "Leonding",
  "Leonstein",
  "Leopoldsdorf",
  "Leopoldsdorf im Marchfelde",
  "Leppen",
  "Lerchenfeld",
  "Lermoos",
  "Lesachtal",
  "Leutasch",
  "Leutschach",
  "Lichtenegg",
  "Lichtenegg",
  "Lichtenwörth",
  "Liebenau",
  "Liebenfels",
  "Lieboch",
  "Lienz",
  "Liesingtal",
  "Liezen",
  "Ligist",
  "Lilienfeld",
  "Lind",
  "Lingenau",
  "Linz",
  "Linz Stadt",
  "Litschau",
  "Litzelsdorf",
  "Lobersberg",
  "Lochau",
  "Lockenhaus",
  "Lödersdorf",
  "Lofer",
  "Loich",
  "Loipersbach im Burgenland",
  "Loipersdorf bei Fürstenfeld",
  "Loosdorf",
  "Loretto",
  "Lorüns",
  "Losenstein",
  "Ludesch",
  "Ludmannsdorf",
  "Luftenberg an der Donau",
  "Lunz am See",
  "Lurnfeld",
  "Lustenau",
  "Lutzmannsburg",
  "Mäder",
  "Magdalensberg",
  "Maierdorf",
  "Mailberg",
  "Maishofen",
  "Maissau",
  "Mallnitz",
  "Malta",
  "Mank",
  "Mannersdorf am Leithagebirge",
  "Mannersdorf an der Rabnitz",
  "Manning",
  "Mannsdorf an der Donau",
  "Mannswörth",
  "Marbach an der Donau",
  "Marchegg",
  "Marchtrenk",
  "Margarethen am Moos",
  "Maria Alm am Steinernen Meer",
  "Maria Ellend",
  "Maria Enzersdorf",
  "Maria Laach am Jauerling",
  "Maria Lankowitz",
  "Maria Lanzendorf",
  "Maria Neustift",
  "Maria Rain",
  "Maria Saal",
  "Maria Schmolln",
  "Maria Taferl",
  "Maria Wörth",
  "Maria-Anzbach",
  "Mariahof",
  "Mariapfarr",
  "Mariasdorf",
  "Mariastein",
  "Mariatal",
  "Mariatrost",
  "Mariazell",
  "Markersdorf an der Pielach",
  "Markgrafneusiedl",
  "Markt Allhau",
  "Markt Neuhodis",
  "Markt Piesting",
  "Markt Sankt Martin",
  "Martinsberg",
  "Marz",
  "Matrei am Brenner",
  "Matrei in Osttirol",
  "Mattersburg",
  "Mattighofen",
  "Mattsee",
  "Matzen",
  "Matzendorf",
  "Mauer bei Amstetten",
  "Mauerbach",
  "Mauerkirchen",
  "Maurach",
  "Mautbrücken",
  "Mautern",
  "Mautern in Steiermark",
  "Mauterndorf",
  "Mayrhofen",
  "Medraz",
  "Meggenhofen",
  "Mehrnbach",
  "Meidling",
  "Meiningen",
  "Melk",
  "Mellach",
  "Mellau",
  "Merkendorf",
  "Metnitz",
  "Mettersdorf am Saßbach",
  "Michaelerberg",
  "Michaelnbach",
  "Micheldorf",
  "Micheldorf in Oberösterreich",
  "Michelhausen",
  "Mieders",
  "Mieming",
  "Miesenbach",
  "Millstatt",
  "Mils bei Imst",
  "Mils bei Solbad Hall",
  "Mischendorf",
  "Mistelbach",
  "Mittelberg",
  "Mitterbach am Erlaufsee",
  "Mitterberghütten",
  "Mitterdorf an der Raab",
  "Mitterdorf im Mürztal",
  "Mitterhofen",
  "Mitterkirchen im Machland",
  "Mitterlabill",
  "Mitterndorf",
  "Mitterndorf an der Fischa",
  "Mitterndorf im Steirischen Salzkammergut",
  "Mitterpullendorf",
  "Mittersill",
  "Mittertreffling",
  "Mödling",
  "Modriach",
  "Mogersdorf",
  "Möggers",
  "Mölbling",
  "Möllbrücke",
  "Möllersdorf",
  "Molln",
  "Mönchhof",
  "Mondsee",
  "Mönichkirchen",
  "Mönichwald",
  "Moosbrunn",
  "Moosburg",
  "Moosdorf",
  "Mooskirchen",
  "Mörbisch am See",
  "Mortantsch",
  "Mörtschach",
  "Moschendorf",
  "Mötz",
  "Muckendorf an der Donau",
  "Muggendorf",
  "Mühlau",
  "Mühlbach am Hochkönig",
  "Mühlbachl",
  "Mühldorf",
  "Mühldorf",
  "Mühldorf",
  "Mühldorf bei Feldbach",
  "Mühlen",
  "Mühlgraben",
  "Müllendorf",
  "Münchendorf",
  "Munderfing",
  "Münster",
  "Muntlix",
  "Münzbach",
  "Münzkirchen",
  "Murau",
  "Mureck",
  "Mürzhofen",
  "Mürzsteg",
  "Mürzzuschlag",
  "Musau",
  "Mutters",
  "Naarn im Machlande",
  "Naas",
  "Namlos",
  "Nassereith",
  "Natternbach",
  "Natters",
  "Nauders",
  "Nebelberg",
  "Neckenmarkt",
  "Neidling",
  "Nenzing",
  "Nesselwängle",
  "Nestelbach bei Graz",
  "Nestelbach im Ilztal",
  "Neu-Feffernitz",
  "Neu-Guntramsdorf",
  "Neualm",
  "Neubau",
  "Neuberg an der Mürz",
  "Neuberg im Burgenland",
  "Neudau",
  "Neudorf bei Staatz",
  "Neudörfl",
  "Neue Heimat",
  "Neufeld an der Leitha",
  "Neufurth",
  "Neuhaus",
  "Neuhaus am Klausenbach",
  "Neuhofen an der Krems",
  "Neuhofen an der Ybbs",
  "Neukirchen",
  "Neukirchen am Großvenediger",
  "Neukirchen am Walde",
  "Neukirchen an der Vöckla",
  "Neukirchen bei Lambach",
  "Neulengbach",
  "Neumarkt am Wallersee",
  "Neumarkt an der Ybbs",
  "Neumarkt im Hausruckkreis",
  "Neumarkt im Mühlkreis",
  "Neumarkt in Steiermark",
  "Neunkirchen",
  "Neusiedl",
  "Neusiedl am See",
  "Neusiedl an der Zaya",
  "Neustift an der Lafnitz",
  "Neustift bei Güssing",
  "Neustift im Stubaital",
  "Neutal",
  "Neutillmitsch",
  "Neuzeug",
  "Nickelsdorf",
  "Niederalm",
  "Niederau",
  "Niederbreitenbach",
  "Niederdorf",
  "Niederhollabrunn",
  "Niederleis",
  "Niederndorf",
  "Niederneukirchen",
  "Niedernsill",
  "Niederöblarn",
  "Niederschöckl",
  "Niederstraß",
  "Niederthalheim",
  "Niederwölz",
  "Nikitsch",
  "Niklasdorf",
  "Nikolsdorf",
  "Nitscha",
  "Nöchling",
  "Nöstlbach",
  "Nötsch im Gailtal",
  "Nußdorf am Haunsberg",
  "Nüziders",
  "Obdach",
  "Ober-Grafendorf",
  "Oberaich",
  "Oberalm",
  "Oberau",
  "Oberdorf am Hochegg",
  "Oberdorf im Burgenland",
  "Oberdörfl",
  "Oberdrauburg",
  "Obergäu",
  "Oberhaag",
  "Oberhaid",
  "Oberhart",
  "Oberhausen",
  "Oberhofen am Irrsee",
  "Oberhofen im Inntal",
  "Oberkurzheim",
  "Oberlienz",
  "Oberloisdorf",
  "Obermieming",
  "Obermillstatt",
  "Obernberg am Brenner",
  "Obernberg am Inn",
  "Oberndorf an der Melk",
  "Oberndorf bei Salzburg",
  "Oberndorf bei Schwanenstadt",
  "Oberndorf in der Ebene",
  "Oberndorf in Tirol",
  "Oberneukirchen",
  "Oberperfuss",
  "Oberpremstätten",
  "Oberpullendorf",
  "Oberrettenbach",
  "Oberschützen",
  "Obersdorf",
  "Obersiebenbrunn",
  "Oberstorcha",
  "Obertilliach",
  "Obertrum am See",
  "Obervellach",
  "Obervogau",
  "Oberwagram",
  "Oberwaltersdorf",
  "Oberwang",
  "Oberwart",
  "Oberweg",
  "Oberwölbling",
  "Oberwölz Stadt",
  "Oberzeiring",
  "Öblarn",
  "Obsteig",
  "Oedt",
  "Oehling",
  "Oepping",
  "Oetz",
  "Oeynhausen",
  "Offenhausen",
  "Oggau",
  "Ohlsdorf",
  "Olbendorf",
  "Ollersdorf im Burgenland",
  "Oppenberg",
  "Opponitz",
  "Ort im Innkreis",
  "Ortgraben",
  "Orth an der Donau",
  "Oslip",
  "Ossiach",
  "Ostermiething",
  "Osterwitz",
  "Ottakring",
  "Ottenschlag",
  "Ottenschlag im Mühlkreis",
  "Ottensheim",
  "Ottenthal",
  "Otterthal",
  "Ottnang am Hausruck",
  "Ötztal-Bahnhof",
  "Pabneukirchen",
  "Pack",
  "Paldau",
  "Palfau",
  "Palting",
  "Pama",
  "Pamhagen",
  "Parbasdorf",
  "Parndorf",
  "Parschlug",
  "Pasching",
  "Passail",
  "Paternion",
  "Patsch",
  "Pattigham",
  "Paudorf",
  "Payerbach",
  "Peggau",
  "Pennewang",
  "Penz",
  "Perchau am Sattel",
  "Perchtoldsdorf",
  "Perg",
  "Perlsdorf",
  "Pernegg",
  "Pernegg an der Mur",
  "Pernersdorf",
  "Pernitz",
  "Persenbeug",
  "Pertlstein",
  "Perwang am Grabensee",
  "Petronell-Carnuntum",
  "Pettenbach",
  "Pettnau",
  "Pettneu",
  "Petzenkirchen",
  "Peuerbach",
  "Pfaffenhofen",
  "Pfaffing",
  "Pfaffstätten",
  "Pfarrkirchen bei Bad Hall",
  "Pfarrwerfen",
  "Pflach",
  "Pfons",
  "Pfunds",
  "Pians",
  "Piberegg",
  "Pichl",
  "Pichl bei Wels",
  "Pichling bei Köflach",
  "Pierbach",
  "Piesendorf",
  "Pilgersdorf",
  "Pill",
  "Pillichsdorf",
  "Pinggau",
  "Pinkafeld",
  "Pinsdorf",
  "Pirching am Traubenberg",
  "Piringsdorf",
  "Pirka",
  "Pischeldorf",
  "Pischelsdorf in der Steiermark",
  "Pistorf",
  "Pitschgau",
  "Pitten",
  "Pitzenberg",
  "Plainfeld",
  "Plankenau",
  "Plesching",
  "Pöchlarn",
  "Pöckau",
  "Podersdorf am See",
  "Poggersdorf",
  "Pöggstall",
  "Politischer Bezirk Amstetten",
  "Politischer Bezirk Baden",
  "Politischer Bezirk Bludenz",
  "Politischer Bezirk Braunau am Inn",
  "Politischer Bezirk Bregenz",
  "Politischer Bezirk Bruck an der Leitha",
  "Politischer Bezirk Bruck-Mürzzuschlag",
  "Politischer Bezirk Deutschlandsberg",
  "Politischer Bezirk Dornbirn",
  "Politischer Bezirk Eferding",
  "Politischer Bezirk Feldkirch",
  "Politischer Bezirk Freistadt",
  "Politischer Bezirk Gänserndorf",
  "Politischer Bezirk Gmünd",
  "Politischer Bezirk Gmunden",
  "Politischer Bezirk Graz-Umgebung",
  "Politischer Bezirk Grieskirchen",
  "Politischer Bezirk Güssing",
  "Politischer Bezirk Hallein",
  "Politischer Bezirk Hartberg-Fürstenfeld",
  "Politischer Bezirk Hollabrunn",
  "Politischer Bezirk Horn",
  "Politischer Bezirk Imst",
  "Politischer Bezirk Innsbruck Land",
  "Politischer Bezirk Jennersdorf",
  "Politischer Bezirk Kirchdorf an der Krems",
  "Politischer Bezirk Kitzbühel",
  "Politischer Bezirk Korneuburg",
  "Politischer Bezirk Krems",
  "Politischer Bezirk Kufstein",
  "Politischer Bezirk Landeck",
  "Politischer Bezirk Leibnitz",
  "Politischer Bezirk Leoben",
  "Politischer Bezirk Lienz",
  "Politischer Bezirk Liezen",
  "Politischer Bezirk Lilienfeld",
  "Politischer Bezirk Linz-Land",
  "Politischer Bezirk Mattersburg",
  "Politischer Bezirk Melk",
  "Politischer Bezirk Mistelbach",
  "Politischer Bezirk Mödling",
  "Politischer Bezirk Murau",
  "Politischer Bezirk Murtal",
  "Politischer Bezirk Neunkirchen",
  "Politischer Bezirk Neusiedl am See",
  "Politischer Bezirk Oberpullendorf",
  "Politischer Bezirk Oberwart",
  "Politischer Bezirk Perg",
  "Politischer Bezirk Reutte",
  "Politischer Bezirk Ried im Innkreis",
  "Politischer Bezirk Rohrbach",
  "Politischer Bezirk Salzburg-Umgebung",
  "Politischer Bezirk Sankt Johann im Pongau",
  "Politischer Bezirk Sankt Pölten",
  "Politischer Bezirk Schärding",
  "Politischer Bezirk Scheibbs",
  "Politischer Bezirk Schwaz",
  "Politischer Bezirk Steyr-Land",
  "Politischer Bezirk Südoststeiermark",
  "Politischer Bezirk Tamsweg",
  "Politischer Bezirk Tulln",
  "Politischer Bezirk Urfahr-Umgebung",
  "Politischer Bezirk Vöcklabruck",
  "Politischer Bezirk Voitsberg",
  "Politischer Bezirk Waidhofen an der Thaya",
  "Politischer Bezirk Weiz",
  "Politischer Bezirk Wiener Neustadt",
  "Politischer Bezirk Zwettl",
  "Pöllau",
  "Pöllauberg",
  "Polling in Tirol",
  "Pöls",
  "Poppendorf",
  "Pörtschach am Wörthersee",
  "Pöttelsdorf",
  "Pottenbrunn",
  "Pottendorf",
  "Pottenstein",
  "Pötting",
  "Pottschach",
  "Pöttsching",
  "Potzneusiedl",
  "Poysdorf",
  "Pradl",
  "Pram",
  "Prambachkirchen",
  "Pramet",
  "Preding",
  "Pregarten",
  "Preitenegg",
  "Prellenkirchen",
  "Pressbaum",
  "Priel",
  "Prigglitz",
  "Prinzersdorf",
  "Proleb",
  "Prottes",
  "Pruggern",
  "Prutz",
  "Puch bei Hallein",
  "Puch bei Weiz",
  "Puchberg am Schneeberg",
  "Puchenau",
  "Puchenstuben",
  "Puchheim",
  "Puchlkirchen am Trattberg",
  "Pucking",
  "Pühret",
  "Pulkau",
  "Puntigam",
  "Purbach am Neusiedler See",
  "Purgstall",
  "Purkersdorf",
  "Pusarnitz",
  "Pusterwald",
  "Pyhra",
  "Raab",
  "Raaba",
  "Raabau",
  "Raabs an der Thaya",
  "Raach am Hochgebirge",
  "Raasdorf",
  "Rabensburg",
  "Rabenstein an der Pielach",
  "Rabenwald",
  "Rachau",
  "Radenthein",
  "Radfeld",
  "Radstadt",
  "Raffelstetten",
  "Raggal",
  "Ragnitz",
  "Raiding",
  "Rain",
  "Rainbach im Mühlkreis",
  "Ramingstein",
  "Ramsau",
  "Ramsau am Dachstein",
  "Ramsau im Zillertal",
  "Randegg",
  "Rangersdorf",
  "Ranggen",
  "Raning",
  "Rankweil",
  "Rannersdorf",
  "Ranshofen",
  "Ranten",
  "Rappottenstein",
  "Rassach",
  "Rastenfeld",
  "Ratsch an der Weinstraße",
  "Ratschendorf",
  "Ratten",
  "Rattenberg",
  "Ratzersdorf an der Traisen",
  "Rauchenwarth",
  "Rauris",
  "Ravelsbach",
  "Raxendorf",
  "Rechnitz",
  "Reding",
  "Redleiten",
  "Redlham",
  "Regau",
  "Rehberg",
  "Reichenau",
  "Reichenau an der Rax",
  "Reichenau im Mühlkreis",
  "Reichendorf",
  "Reichenfels",
  "Reichenthal",
  "Reichraming",
  "Reifling",
  "Reinbach",
  "Reingers",
  "Reinsberg",
  "Reisenberg",
  "Reißeck",
  "Reitberg",
  "Reiterndorf",
  "Reith bei Kitzbühel",
  "Reith bei Seefeld",
  "Reith im Alpbachtal",
  "Rennweg am Katschberg",
  "Rettenegg",
  "Rettenschöss",
  "Retz",
  "Retznei",
  "Reuthe",
  "Reutte",
  "Ried im Innkreis",
  "Ried im Oberinntal",
  "Ried im Traunkreis",
  "Ried im Zillertal",
  "Ried in der Riedmark",
  "Riedlingsdorf",
  "Riefensberg",
  "Riegersburg",
  "Ries",
  "Rietz",
  "Riezlern",
  "Rinn",
  "Rittersdorf",
  "Ritzing",
  "Rohr im Burgenland",
  "Rohr im Gebirge",
  "Rohr im Kremstal",
  "Rohrau",
  "Rohrbach an der Gölsen",
  "Rohrbach an der Lafnitz",
  "Rohrbach bei Mattersburg",
  "Rohrbach-Berg",
  "Rohrberg",
  "Röhrenbach",
  "Rohrendorf bei Krems",
  "Roitham",
  "Röns",
  "Roppen",
  "Röschitz",
  "Rosegg",
  "Rosenau am Sonntagberg",
  "Rosental an der Kainach",
  "Rotenturm an der Pinka",
  "Röthelstein",
  "Röthis",
  "Rottenmann",
  "Ruden",
  "Rudersdorf",
  "Rufling",
  "Rum",
  "Ruprechtshofen",
  "Rust",
  "Rust Stadt",
  "Rüstorf",
  "Rutzenham",
  "Saalbach",
  "Saalfelden am Steinernen Meer",
  "Sachsenburg",
  "Salla",
  "Sallingberg",
  "Salzburg",
  "Salzburg Stadt",
  "Sammersdorf",
  "Sankt Aegidi",
  "Sankt Aegyd am Neuwalde",
  "Sankt Andrä",
  "Sankt Andrä am Zicksee",
  "Sankt Andrä im Lungau",
  "Sankt Andrä vor dem Hagenthale",
  "Sankt Anna am Aigen",
  "Sankt Anton im Montafon",
  "Sankt Bartholomä",
  "Sankt Blasen",
  "Sankt Corona am Wechsel",
  "Sankt Dionysen",
  "Sankt Egyden an der Drau",
  "Sankt Florian",
  "Sankt Gallen",
  "Sankt Gallenkirch",
  "Sankt Georgen am Fillmannsbach",
  "Sankt Georgen am Längsee",
  "Sankt Georgen am Leithagebirge",
  "Sankt Georgen am Ybbsfelde",
  "Sankt Georgen an der Gusen",
  "Sankt Georgen an der Leys",
  "Sankt Georgen an der Stiefing",
  "Sankt Georgen bei Obernberg am Inn",
  "Sankt Georgen im Attergau",
  "Sankt Georgen im Lavanttal",
  "Sankt Georgen ob Judenburg",
  "Sankt Georgen ob Murau",
  "Sankt Gilgen",
  "Sankt Gotthard im Mühlkreis",
  "Sankt Ilgen",
  "Sankt Jakob",
  "Sankt Jakob im Rosental",
  "Sankt Jakob im Walde",
  "Sankt Jakob-Breitenau",
  "Sankt Johann am Tauern",
  "Sankt Johann bei Herberstein",
  "Sankt Johann im Pongau",
  "Sankt Johann im Saggautal",
  "Sankt Johann in der Haide",
  "Sankt Johann in Tirol",
  "Sankt Josef (Weststeiermark)",
  "Sankt Kanzian am Klopeiner See",
  "Sankt Katharein an der Laming",
  "Sankt Kathrein am Hauenstein",
  "Sankt Kathrein am Offenegg",
  "Sankt Lambrecht",
  "Sankt Leonhard",
  "Sankt Leonhard",
  "Sankt Leonhard",
  "Sankt Leonhard am Forst",
  "Sankt Leonhard am Hornerwald",
  "Sankt Lorenz",
  "Sankt Lorenzen am Wechsel",
  "Sankt Lorenzen bei Knittelfeld",
  "Sankt Lorenzen bei Scheifling",
  "Sankt Lorenzen im Mürztal",
  "Sankt Magdalen",
  "Sankt Marein bei Graz",
  "Sankt Marein bei Knittelfeld",
  "Sankt Marein bei Neumarkt",
  "Sankt Marein im Mürztal",
  "Sankt Margareten im Rosental",
  "Sankt Margarethen an der Raab",
  "Sankt Margarethen an der Sierning",
  "Sankt Margarethen bei Knittelfeld",
  "Sankt Margarethen im Burgenland",
  "Sankt Margarethen im Lungau",
  "Sankt Marien",
  "Sankt Martin",
  "Sankt Martin",
  "Sankt Martin",
  "Sankt Martin am Grimming",
  "Sankt Martin am Ybbsfelde",
  "Sankt Martin an der Raab",
  "Sankt Martin bei Lofer",
  "Sankt Martin im Mühlkreis",
  "Sankt Martin im Sulmtal",
  "Sankt Michael im Burgenland",
  "Sankt Michael im Lungau",
  "Sankt Michael in Obersteiermark",
  "Sankt Nikolai im Sausal",
  "Sankt Nikolai im Sölktal",
  "Sankt Nikolai ob Draßling",
  "Sankt Oswald bei Freistadt",
  "Sankt Oswald bei Plankenwarth",
  "Sankt Oswald ob Eibiswald",
  "Sankt Pantaleon",
  "Sankt Paul im Lavanttal",
  "Sankt Peter",
  "Sankt Peter",
  "Sankt Peter am Hart",
  "Sankt Peter am Kammersberg",
  "Sankt Peter am Ottersbach",
  "Sankt Peter im Sulmtal",
  "Sankt Peter in der Au Markt",
  "Sankt Peter ob Judenburg",
  "Sankt Peter-Freienstein",
  "Sankt Pölten",
  "Sankt Pölten Stadt",
  "Sankt Radegund bei Graz",
  "Sankt Ruprecht",
  "Sankt Ruprecht an der Raab",
  "Sankt Stefan",
  "Sankt Stefan im Gailtal",
  "Sankt Stefan im Rosental",
  "Sankt Stefan ob Leoben",
  "Sankt Stefan ob Stainz",
  "Sankt Ulrich am Pillersee",
  "Sankt Ulrich am Waasen",
  "Sankt Ulrich bei Steyr",
  "Sankt Urban",
  "Sankt Valentin",
  "Sankt Veit am Vogau",
  "Sankt Veit an der Glan",
  "Sankt Veit an der Glan District",
  "Sankt Veit an der Gölsen",
  "Sankt Veit im Pongau",
  "Sankt Veit in Defereggen",
  "Sankt Wolfgang im Salzkammergut",
  "Sarleinsbach",
  "Satteins",
  "Sattledt",
  "Sautens",
  "Schachen bei Vorau",
  "Schachendorf",
  "Schäffern",
  "Schafwiesen",
  "Schalchen",
  "Schalchham",
  "Schandorf",
  "Schardenberg",
  "Schärding",
  "Schärding Vorstadt",
  "Scharndorf",
  "Scharnitz",
  "Scharnstein",
  "Schattendorf",
  "Schattwald",
  "Scheffau am Tennengebirge",
  "Scheffau am Wilden Kaiser",
  "Scheibbs",
  "Scheifling",
  "Schenkenfelden",
  "Schiefling am See",
  "Schildorn",
  "Schladming",
  "Schlaiten",
  "Schlatt",
  "Schleben",
  "Schleedorf",
  "Schleinbach",
  "Schlierbach",
  "Schlins",
  "Schlitters",
  "Schlüsslberg",
  "Schnepfau",
  "Schnifis",
  "Schöder",
  "Schönau an der Triesting",
  "Schönbach",
  "Schönberg im Stubaital",
  "Schöndorf",
  "Schönering",
  "Schönkirchen-Reyersdorf",
  "Schönwies",
  "Schoppernau",
  "Schörfling",
  "Schottwien",
  "Schrattenbach",
  "Schrattenberg",
  "Schrattenthal",
  "Schrems",
  "Schrems bei Frohnleiten",
  "Schröcken",
  "Schruns",
  "Schützen am Gebirge",
  "Schwadorf",
  "Schwanberg",
  "Schwanenstadt",
  "Schwarzach",
  "Schwarzach im Pongau",
  "Schwarzau am Steinfeld",
  "Schwarzau im Gebirge",
  "Schwarzau im Schwarzautal",
  "Schwarzenau",
  "Schwarzenbach",
  "Schwarzenbach an der Pielach",
  "Schwarzenberg",
  "Schwaz",
  "Schwechat",
  "Schweiggers",
  "Schweinbach",
  "Schwendau",
  "Schwendt",
  "Schwertberg",
  "Schwoich",
  "Sebersdorf",
  "Seckau",
  "See",
  "Seebach",
  "Seebenstein",
  "Seeboden",
  "Seefeld in Tirol",
  "Seeham",
  "Seekirchen am Wallersee",
  "Seewalchen",
  "Seewalchen",
  "Seggauberg",
  "Seibersdorf",
  "Seiersberg",
  "Seitenberg",
  "Seitenstetten Markt",
  "Sellrain",
  "Selzthal",
  "Semmering",
  "Semriach",
  "Senftenberg",
  "Serfaus",
  "Seyring",
  "Sibratsgfäll",
  "Siegendorf im Burgenland",
  "Siegersdorf bei Herberstein",
  "Sieggraben",
  "Sieghartskirchen",
  "Sierndorf",
  "Sierning",
  "Siezenheim",
  "Sigless",
  "Sigmundsherberg",
  "Silbertal",
  "Sillian",
  "Silz",
  "Simmering",
  "Sinabelkirchen",
  "Sirnitz",
  "Sistrans",
  "Sittersdorf",
  "Sitzendorf an der Schmida",
  "Soboth",
  "Söchau",
  "Södingberg",
  "Sölden",
  "Söll",
  "Sollenau",
  "Sommerein",
  "Sonnberg im Mühlkreis",
  "Sonntagberg",
  "Sooss",
  "Spannberg",
  "Spatenhof",
  "Spielberg bei Knittelfeld",
  "Spielfeld",
  "Spillern",
  "Spital am Pyhrn",
  "Spital am Semmering",
  "Spittal an der Drau",
  "Spittal an der Drau District",
  "Spitz",
  "Spratzern",
  "St Anton am Arlberg",
  "St. Agathen und Perau",
  "St. Andrä",
  "St. Margareten im Rosental",
  "St. Martin of Tennengebirge",
  "St. Paul im Lavanttal",
  "St. Stefan im Gailtal",
  "St. Urban",
  "St. Veit an der Glan",
  "St. Veiter Vorstadt",
  "Staatz",
  "Stadl an der Mur",
  "Stadl-Hausruck",
  "Stadl-Paura",
  "Stadl-Traun",
  "Stadtschlaining",
  "Stainach",
  "Stainz",
  "Stainz bei Straden",
  "Stall",
  "Stallehr",
  "Stallhof",
  "Stallhofen",
  "Stambach",
  "Stams",
  "Stans",
  "Stanz bei Landeck",
  "Stanzach",
  "Stattegg",
  "Stattersdorf",
  "Statzendorf",
  "Steeg",
  "Stegersbach",
  "Stein",
  "Stein an der Donau",
  "Steinabrückl",
  "Steinach am Brenner",
  "Steinakirchen am Forst",
  "Steinbach am Attersee",
  "Steinbrunn",
  "Steindorf am Ossiacher See",
  "Steinerkirchen an der Traun",
  "Steinfeld",
  "Steinfeld",
  "Steinhaus",
  "Stenzengreith",
  "Stephanshart",
  "Stetteldorf am Wagram",
  "Stetten",
  "Steuerberg",
  "Steyr",
  "Steyr Stadt",
  "Steyregg",
  "Stinatz",
  "Stiwoll",
  "Stockenboi",
  "Stockerau",
  "Stollhofen",
  "Stoob",
  "Stössing",
  "Stotzing",
  "Straden",
  "Strallegg",
  "Strass",
  "Strass im Zillertal",
  "Straß in Steiermark",
  "Straßburg",
  "Straßburg-Stadt",
  "Strassen",
  "Strassengel",
  "Straßgang",
  "Strassham",
  "Strasshof an der Nordbahn",
  "Strasswalchen",
  "Stratzing",
  "Strem",
  "Strengberg",
  "Strengen",
  "Strobl",
  "Stronsdorf",
  "Stubenberg",
  "Studenzen",
  "Stuhlfelden",
  "Stumm",
  "Stummerberg",
  "Suetschach",
  "Sulz",
  "Sulzberg",
  "Sulztal an der Weinstraße",
  "Tadten",
  "Taiskirchen im Innkreis",
  "Tamsweg",
  "Tannheim",
  "Tarrenz",
  "Tattendorf",
  "Taufkirchen an der Trattnach",
  "Taugl",
  "Tauplitz",
  "Taxach",
  "Taxenbach",
  "Techelsberg",
  "Teesdorf",
  "Telfes im Stubai",
  "Telfs",
  "Terfens",
  "Ternberg",
  "Ternitz",
  "Teufenbach",
  "Thal",
  "Thalgau",
  "Thalheim bei Wels",
  "Thaur",
  "Thaya",
  "Theresienfeld",
  "Thomasberg",
  "Thomatal",
  "Thörl",
  "Thumersbach",
  "Thüringen",
  "Thurn",
  "Tiefenbach",
  "Tiefgraben",
  "Tieschen",
  "Tillmitsch",
  "Tillmitsch Links der Laßnitz",
  "Timelkam",
  "Timenitz",
  "Tobadill",
  "Tobaj",
  "Traboch",
  "Tragwein",
  "Trahütten",
  "Traisen",
  "Traiskirchen",
  "Traismauer",
  "Trattenbach",
  "Traun",
  "Traunkirchen",
  "Trausdorf an der Wulka",
  "Trautmannsdorf an der Leitha",
  "Trautmannsdorf in Oststeiermark",
  "Trebesing",
  "Treffen",
  "Treglwang",
  "Treibach",
  "Tribuswinkel",
  "Trieben",
  "Triebendorf",
  "Trins",
  "Tristach",
  "Trofaiach",
  "Trössing",
  "Trumau",
  "Tschachoritsch",
  "Tschagguns",
  "Tschanigraben",
  "Tulbing",
  "Tulfes",
  "Tulln",
  "Tullnerbach-Lawies",
  "Turnau",
  "Türnitz",
  "Tux",
  "Tweng",
  "Übelbach",
  "Übersaxen",
  "Übersbach",
  "Uderns",
  "Ufer",
  "Ulrichsberg",
  "Ulrichskirchen",
  "Umberg",
  "Umhausen",
  "Ungenach",
  "Ungerdorf",
  "Unken",
  "Unterauersbach",
  "Unterbergla",
  "Untere Fellach",
  "Untereisenfeld",
  "Unterfladnitz",
  "Unterfrauenhaid",
  "Unterjosefstal",
  "Unterkohlstätten",
  "Unterlamm",
  "Unterlangkampfen",
  "Unternberg",
  "Unterperfuss",
  "Unterpremstätten",
  "Untersiebenbrunn",
  "Unterstinkenbrunn",
  "Untertauern",
  "Untertilliach",
  "Unterwagram",
  "Unterwaltersdorf",
  "Unterwart",
  "Utschtal",
  "Uttendorf",
  "Uttendorf",
  "Utzenaich",
  "Vals",
  "Vandans",
  "Vasoldsberg",
  "Veitsch",
  "Velden am Wörther See",
  "Velden am Wörthersee",
  "Velm",
  "Viechtwang",
  "Viehhausen",
  "Viehhofen",
  "Viehofen",
  "Vienna",
  "Vigaun",
  "Viktorsberg",
  "Viktring",
  "Viktringer Vorstadt",
  "Villach",
  "Villach-Innere Stadt",
  "Villach-Land District",
  "Villacher Vorstadt",
  "Vils",
  "Virgen",
  "Vitis",
  "Vöcklabruck",
  "Vöcklamarkt",
  "Vogau",
  "Voitsberg",
  "Volders",
  "Voldöpp",
  "Völkendorf",
  "Völkermarkt",
  "Völkermarkt District",
  "Völkermarkter Vorstadt",
  "Völs",
  "Vomp",
  "Vorau",
  "Vorchdorf",
  "Vorderhornbach",
  "Vordernberg",
  "Vorderthiersee",
  "Vösendorf",
  "Wagna",
  "Wagnergraben",
  "Wagnitz",
  "Wagrain",
  "Wagrain",
  "Wagram",
  "Waidhofen an der Thaya",
  "Waidhofen an der Ybbs",
  "Waidhofen an der Ybbs Stadt",
  "Waidmannsfeld",
  "Waidring",
  "Waiern",
  "Waizenkirchen",
  "Walchen",
  "Walchsee",
  "Wald am Schoberpaß",
  "Wald im Pinzgau",
  "Waldegg",
  "Waldenstein",
  "Waldhausen",
  "Walding",
  "Waldkirchen am Wesen",
  "Waldkirchen an der Thaya",
  "Waldneukirchen",
  "Waldprechting",
  "Waldzell",
  "Wallern an der Trattnach",
  "Wallern im Burgenland",
  "Wallsee",
  "Walpersbach",
  "Wals",
  "Walserfeld",
  "Waltendorf",
  "Wang",
  "Wängle",
  "Warmbad-Judendorf",
  "Wartberg",
  "Wartberg an der Krems",
  "Wartberg ob der Aist",
  "Warth",
  "Warth",
  "Wartmannstetten",
  "Wattenberg",
  "Wattens",
  "Weer",
  "Weerberg",
  "Weibern",
  "Weichselbaum",
  "Weiden am See",
  "Weiden bei Rechnitz",
  "Weidling",
  "Weigelsdorf",
  "Weikendorf",
  "Weikersdorf am Steinfelde",
  "Weilbach",
  "Weiler",
  "Weinburg",
  "Weinburg am Saßbach",
  "Weingraben",
  "Weinzierl am Walde",
  "Weinzierl bei Krems",
  "Weissach",
  "Weissenbach am Lech",
  "Weissenbach an der Triesting",
  "Weißenbach bei Liezen",
  "Weißenkirchen im Attergau",
  "Weißenkirchen in der Wachau",
  "Weißensee",
  "Weißenstein",
  "Weisskirchen an der Traun",
  "Weißkirchen in Steiermark",
  "Weistrach",
  "Weiten",
  "Weitensfeld",
  "Weitensfeld im Gurktal",
  "Weitersfeld",
  "Weitersfelden",
  "Weitra",
  "Weiz",
  "Wels",
  "Wels Stadt",
  "Wels-Land",
  "Wendling",
  "Weng im Innkreis",
  "Wenns",
  "Weppersdorf",
  "Werfen",
  "Werfenweng",
  "Wernberg",
  "Werndorf",
  "Wernersdorf",
  "Wernstein am Inn",
  "Westendorf",
  "Wettmannstätten",
  "Wetzelsdorf",
  "Weyer",
  "Weyregg",
  "Wiener Neudorf",
  "Wiener Neustadt",
  "Wiener Neustadt Stadt",
  "Wienersdorf",
  "Wies",
  "Wieselburg",
  "Wiesen",
  "Wiesfleck",
  "Wiesing",
  "Wiesmath",
  "Wildalpen",
  "Wildermieming",
  "Wildon",
  "Wildschönau",
  "Wilfersdorf",
  "Wilfleinsdorf",
  "Wilhelmsburg",
  "Willendorf am Steinfelde",
  "Wilten",
  "Wimpassing",
  "Wimpassing an der Leitha",
  "Wimpassing im Schwarzatale",
  "Wimsbach",
  "Winden am See",
  "Windhaag bei Freistadt",
  "Windhaag bei Perg",
  "Windhag",
  "Windigsteig",
  "Windischgarsten",
  "Winklarn",
  "Winklern",
  "Winklern bei Oberwölz",
  "Winzendorf",
  "Wippenham",
  "Wispl",
  "Wolfau",
  "Wolfern",
  "Wölfnitz",
  "Wolfpassing",
  "Wolfsbach",
  "Wolfsberg",
  "Wolfsberg District",
  "Wolfsberg im Schwarzautal",
  "Wolfsegg am Hausruck",
  "Wolfsgraben",
  "Wolfsthal",
  "Wolfurt",
  "Wolkersdorf im Weinviertel",
  "Wöllersdorf",
  "Wördern",
  "Wörgl",
  "Wörschach",
  "Wörterberg",
  "Wörth an der Lafnitz",
  "Wudmath",
  "Wulkaprodersdorf",
  "Wullersdorf",
  "Wundschuh",
  "Würflach",
  "Würmla",
  "Ybbs an der Donau",
  "Ybbsitz",
  "Ysper",
  "Zagersdorf",
  "Zams",
  "Zederhaus",
  "Zeillern",
  "Zeiselmauer",
  "Zell",
  "Zell",
  "Zell am Moos",
  "Zell am Pettenfirst",
  "Zell am See",
  "Zell am Ziller",
  "Zell an der Pram",
  "Zell-Arzberg",
  "Zell-Markt",
  "Zellberg",
  "Zellerndorf",
  "Zeltweg",
  "Zerlach",
  "Zettling",
  "Zeutschach",
  "Ziersdorf",
  "Zillingdorf",
  "Zillingtal",
  "Zirl",
  "Zistersdorf",
  "Zöbern",
  "Zöblen",
  "Zurndorf",
  "Zwentendorf",
  "Zwettl an der Rodl",
  "Zwettl Stadt",
  "Zwölfaxing"
]