[
  "Abapó",
  "Achacachi",
  "Aiquile",
  "Amarete",
  "Arani",
  "Ascención de Guarayos",
  "Ascensión",
  "Atocha",
  "Batallas",
  "Bermejo",
  "Betanzos",
  "Bolivar",
  "Boyuibe",
  "Buena Vista",
  "Camargo",
  "Camiri",
  "Capinota",
  "Caranavi",
  "Challapata",
  "Charagua",
  "Chimoré",
  "Chulumani",
  "Cliza",
  "Cobija",
  "Cochabamba",
  "Colchani",
  "Colchani",
  "Colomi",
  "Colquechaca",
  "Colquiri",
  "Comarapa",
  "Concepción",
  "Coripata",
  "Coroico",
  "Cotoca",
  "Curahuara de Carangas",
  "Enrique Baldivieso",
  "Entre Ríos",
  "Eucaliptus",
  "German Busch",
  "Guanay",
  "Guarayos",
  "Guayaramerín",
  "Huanuni",
  "Huarina",
  "Huatajata",
  "Independencia",
  "Irpa Irpa",
  "Jorochito",
  "José Manuel Pando",
  "La Bélgica",
  "La Paz",
  "Lahuachaca",
  "Limoncito",
  "Litoral de Atacama",
  "Llallagua",
  "Los Negros",
  "Machacamarca",
  "Mairana",
  "Mapiri",
  "Mineros",
  "Mizque",
  "Monteagudo",
  "Montero",
  "Nor Carangas Province",
  "Okinawa Número Uno",
  "Oruro",
  "Padilla",
  "Pailón",
  "Patacamaya",
  "Paurito",
  "Poopó",
  "Portachuelo",
  "Potosí",
  "Provincia Abuná",
  "Provincia Alonzo de Ibáñez",
  "Provincia Andrés Ibáñez",
  "Provincia Ángel Sandoval",
  "Provincia Arani",
  "Provincia Arce",
  "Provincia Aroma",
  "Provincia Arque",
  "Provincia Avaroa",
  "Provincia Avilez",
  "Provincia Ayopaya",
  "Provincia Azurduy",
  "Provincia Bautista Saavedra",
  "Provincia Belisario Boeto",
  "Provincia Camacho",
  "Provincia Campero",
  "Provincia Capinota",
  "Provincia Carangas",
  "Provincia Carrasco",
  "Provincia Cercado",
  "Provincia Cercado",
  "Provincia Cercado",
  "Provincia Cercado",
  "Provincia Chaparé",
  "Provincia Charcas",
  "Provincia Chayanta",
  "Provincia Chiquitos",
  "Provincia Cordillera",
  "Provincia Daniel Campos",
  "Provincia Esteban Arce",
  "Provincia Florida",
  "Provincia Franz Tamayo",
  "Provincia General Bilbao",
  "Provincia General Federico Román",
  "Provincia General José Ballivián",
  "Provincia Germán Jordán",
  "Provincia Gran Chaco",
  "Provincia Gualberto Villarroel",
  "Provincia Hernando Siles",
  "Provincia Ichilo",
  "Provincia Ingavi",
  "Provincia Inquisivi",
  "Provincia Iténez",
  "Provincia Iturralde",
  "Provincia Ladislao Cabrera",
  "Provincia Larecaja",
  "Provincia Linares",
  "Provincia Loayza",
  "Provincia Los Andes",
  "Provincia Luis Calvo",
  "Provincia Madre de Dios",
  "Provincia Mamoré",
  "Provincia Manco Kapac",
  "Provincia Manuel María Caballero",
  "Provincia Manuripi",
  "Provincia Marbán",
  "Provincia Méndez",
  "Provincia Mizque",
  "Provincia Modesto Omiste",
  "Provincia Moxos",
  "Provincia Muñecas",
  "Provincia Murillo",
  "Provincia Nicolás Suárez",
  "Provincia Nor Chichas",
  "Provincia Nor Cinti",
  "Provincia Nor Lípez",
  "Provincia Nor Yungas",
  "Provincia Ñuflo de Chávez",
  "Provincia O’Connor",
  "Provincia Omasuyos",
  "Provincia Oropeza",
  "Provincia Pacajes",
  "Provincia Pantaleón Dalence",
  "Provincia Poopó",
  "Provincia Punata",
  "Provincia Quijarro",
  "Provincia Quillacollo",
  "Provincia Rafael Bustillo",
  "Provincia Saavedra",
  "Provincia Sabaya",
  "Provincia Sajama",
  "Provincia San Pedro de Totora",
  "Provincia Santiesteban",
  "Provincia Sara",
  "Provincia Saucari",
  "Provincia Sud Chichas",
  "Provincia Sud Cinti",
  "Provincia Sud Lípez",
  "Provincia Sud Yungas",
  "Provincia Tapacarí",
  "Provincia Tomás Barron",
  "Provincia Tomás Frías",
  "Provincia Tomina",
  "Provincia Vaca Diez",
  "Provincia Vallegrande",
  "Provincia Velasco",
  "Provincia Warnes",
  "Provincia Yacuma",
  "Provincia Yamparáez",
  "Provincia Zudáñez",
  "Puerto de Mejillones",
  "Puerto Quijarro",
  "Puesto de Pailas",
  "Punata",
  "Quillacollo",
  "Quime",
  "Reyes",
  "Riberalta",
  "Roboré",
  "Rurrenabaque",
  "Sacaba",
  "Samaipata",
  "San Borja",
  "San Carlos",
  "San Ignacio de Velasco",
  "San Juan del Surutú",
  "San Julian",
  "San Matías",
  "San Pablo",
  "San Pedro",
  "San Pedro",
  "San Ramón",
  "Santa Ana de Yacuma",
  "Santa Bárbara",
  "Santa Cruz de la Sierra",
  "Santa Rita",
  "Santa Rosa",
  "Santa Rosa del Sara",
  "Santiago del Torno",
  "Sebastian Pagador Province",
  "Sipe Sipe",
  "Sorata",
  "Sucre",
  "Sud Carangas Province",
  "Tarabuco",
  "Tarata",
  "Tarija",
  "Tiahuanaco",
  "Tiquipaya",
  "Tiraque Province",
  "Totora",
  "Totoral",
  "Trinidad",
  "Tupiza",
  "Urubichá",
  "Uyuni",
  "Vallegrande",
  "Villa Yapacaní",
  "Villamontes",
  "Villazón",
  "Viloco",
  "Warnes",
  "Yacuiba",
  "Yumani"
]