[
  "Abbotsford",
  "Abitibi-Témiscamingue",
  "Acton Vale",
  "Adstock",
  "Agassiz",
  "Airdrie",
  "Ajax",
  "Albanel",
  "Alberton",
  "Aldergrove",
  "Aldergrove East",
  "Algoma",
  "Alliston",
  "Alma",
  "Altona",
  "Amherst",
  "Amherstburg",
  "Amigo Beach",
  "Amos",
  "Amqui",
  "Ancaster",
  "Ange-Gardien",
  "Angus",
  "Anmore",
  "Annapolis County",
  "Antigonish",
  "Arbutus Ridge",
  "Armstrong",
  "Arnprior",
  "Asbestos",
  "Ashcroft",
  "Assiniboia",
  "Athabasca",
  "Atikokan",
  "Attawapiskat",
  "Aurora",
  "Aylmer",
  "Azilda",
  "Baie Ste. Anne",
  "Baie-Comeau",
  "Baie-D'Urfé",
  "Baie-Saint-Paul",
  "Ballantrae",
  "Bancroft",
  "Banff",
  "Barraute",
  "Barrhead",
  "Barrie",
  "Barrière",
  "Bas-Saint-Laurent",
  "Bassano",
  "Bath",
  "Bathurst",
  "Bay Roberts",
  "Bay St. George South",
  "Beaconsfield",
  "Beauceville",
  "Beauharnois",
  "Beaumont",
  "Beaupré",
  "Beausejour",
  "Beaverlodge",
  "Bécancour",
  "Bedford",
  "Behchokǫ̀",
  "Belfast",
  "Belleville",
  "Bells Corners",
  "Belmont",
  "Beloeil",
  "Berthierville",
  "Berwick",
  "Biggar",
  "Binbrook",
  "Black Diamond",
  "Blackfalds",
  "Blainville",
  "Bluewater",
  "Bois-des-Filion",
  "Boisbriand",
  "Boissevain",
  "Bon Accord",
  "Bonaventure",
  "Bonavista",
  "Bonnyville",
  "Botwood",
  "Boucherville",
  "Bouctouche",
  "Bourget",
  "Bow Island",
  "Bowen Island",
  "Bracebridge",
  "Brampton",
  "Brandon",
  "Brant",
  "Brantford",
  "Breakeyville",
  "Bridgewater",
  "Brockville",
  "Bromont",
  "Brooks",
  "Brossard",
  "Brownsburg-Chatham",
  "Brussels",
  "Buckingham",
  "Burford",
  "Burgeo",
  "Burlington",
  "Burnaby",
  "Burns Lake",
  "Cabano",
  "Cache Creek",
  "Cacouna",
  "Calgary",
  "Calmar",
  "Cambridge",
  "Camlachie",
  "Campbell River",
  "Campbellton",
  "Camrose",
  "Candiac",
  "Canmore",
  "Canora",
  "Cantley",
  "Cap-Chat",
  "Cap-Santé",
  "Cape Breton County",
  "Capitale-Nationale",
  "Capreol",
  "Carberry",
  "Carbonear",
  "Cardston",
  "Carignan",
  "Carleton",
  "Carleton Place",
  "Carleton-sur-Mer",
  "Carlyle",
  "Carman",
  "Carstairs",
  "Casselman",
  "Castlegar",
  "Catalina",
  "Cedar",
  "Central Coast Regional District",
  "Centre-du-Québec",
  "Chambly",
  "Chambord",
  "Chandler",
  "Channel-Port aux Basques",
  "Chapais",
  "Charlemagne",
  "Charlottetown",
  "Chase",
  "Château-Richer",
  "Châteauguay",
  "Chatham",
  "Chatham-Kent",
  "Chaudière-Appalaches",
  "Chemainus",
  "Chertsey",
  "Chester",
  "Chestermere",
  "Chetwynd",
  "Chibougamau",
  "Chilliwack",
  "Chute-aux-Outardes",
  "Clarence-Rockland",
  "Clarenville-Shoal Harbour",
  "Claresholm",
  "Clyde River",
  "Coaldale",
  "Coalhurst",
  "Coaticook",
  "Cobourg",
  "Cochrane",
  "Cochrane District",
  "Colchester",
  "Cold Lake",
  "Cole Harbour",
  "Collingwood",
  "Colwood",
  "Conception Bay South",
  "Concord",
  "Constance Bay",
  "Contrecoeur",
  "Cookshire",
  "Cookshire-Eaton",
  "Cookstown",
  "Coombs",
  "Coquitlam",
  "Corner Brook",
  "Cornwall",
  "Cornwall",
  "Corunna",
  "Côte-Nord",
  "Côte-Saint-Luc",
  "Coteau-du-Lac",
  "Courtenay",
  "Cow Bay",
  "Cowansville",
  "Cowichan Bay",
  "Crabtree",
  "Cranbrook",
  "Creston",
  "Cross Lake 19A",
  "Crossfield",
  "Cumberland",
  "Dalmeny",
  "Danville",
  "Dartmouth",
  "Dauphin",
  "Daveluyville",
  "Dawson City",
  "Dawson Creek",
  "De Salaberry",
  "Deep River",
  "Deer Lake",
  "Delaware",
  "Deloraine",
  "Delson",
  "Delta",
  "Denman Island",
  "Denman Island Trust Area",
  "Deseronto",
  "Deux-Montagnes",
  "Devon",
  "Didsbury",
  "Dieppe",
  "Digby",
  "Digby County",
  "Disraeli",
  "Dolbeau-Mistassini",
  "Dollard-Des Ormeaux",
  "Donnacona",
  "Dorchester",
  "Dorval",
  "Dowling",
  "Drayton Valley",
  "Drummondville",
  "Dryden",
  "Duck Lake",
  "Duncan",
  "Dunham",
  "Durham",
  "Ear Falls",
  "East Angus",
  "East Broughton",
  "East Gwillimbury",
  "East Wellington",
  "East York",
  "Edmonton",
  "Edmundston",
  "Edson",
  "Elk Point",
  "Elkford",
  "Elliot Lake",
  "Ellison",
  "Elmvale",
  "Enderby",
  "Englehart",
  "English Corner",
  "Eskasoni 3",
  "Espanola",
  "Essex",
  "Esterhazy",
  "Estevan",
  "Etobicoke",
  "Exeter",
  "Fairview",
  "Fairwinds",
  "Falher",
  "Fall River",
  "Fallingbrook",
  "Farnham",
  "Ferme-Neuve",
  "Fermont",
  "Fernie",
  "Flin Flon",
  "Florenceville-Bristol",
  "Foam Lake",
  "Fogo Island",
  "Forestville",
  "Fort Erie",
  "Fort Frances",
  "Fort Macleod",
  "Fort McMurray",
  "Fort McPherson",
  "Fort Nelson",
  "Fort Saskatchewan",
  "Fort Smith",
  "Fort St. John",
  "Fort-Coulonge",
  "Fossambault-sur-le-Lac",
  "Fox Creek",
  "Franklin",
  "Fraser Valley Regional District",
  "Fredericton",
  "French Creek",
  "Fruitvale",
  "Fundy Bay",
  "Gambo",
  "Gananoque",
  "Gaspé",
  "Gaspésie-Îles-de-la-Madeleine",
  "Gatineau",
  "Gibbons",
  "Gibsons",
  "Gimli",
  "Gjoa Haven",
  "Glace Bay",
  "Glencoe",
  "Godefroy",
  "Goderich",
  "Golden",
  "Golden",
  "Goulds",
  "Granby",
  "Grand Bank",
  "Grand Centre",
  "Grand Falls-Windsor",
  "Grand Forks",
  "Grande Cache",
  "Grande Prairie",
  "Grande-Digue",
  "Gravelbourg",
  "Gravenhurst",
  "Greater Lakeburn",
  "Greater Napanee",
  "Greater Sudbury",
  "Greenstone",
  "Greenwood",
  "Grimshaw",
  "Grunthal",
  "Guelph",
  "Haines Junction",
  "Haldimand County",
  "Haliburton Village",
  "Halifax",
  "Halton",
  "Hamilton",
  "Hampstead",
  "Hampton",
  "Hanceville",
  "Hanna",
  "Hanover",
  "Hantsport",
  "Happy Valley-Goose Bay",
  "Harbour Breton",
  "Harrison Brook",
  "Harriston",
  "Hauterive",
  "Havre-Saint-Pierre",
  "Hawkesbury",
  "Hay River",
  "Hayes Subdivision",
  "Headingley",
  "Hearst",
  "Heritage Pointe",
  "Hérouxville",
  "High Level",
  "High Prairie",
  "High River",
  "Hinton",
  "Hope",
  "Hornby Island",
  "Hornepayne",
  "Houston",
  "Hudson",
  "Hudson Bay",
  "Humboldt",
  "Huntingdon",
  "Huntsville",
  "Huron East",
  "Ile des Chênes",
  "Indian Head",
  "Ingersoll",
  "Innisfil",
  "Inuvik",
  "Invermere",
  "Iqaluit",
  "Iroquois Falls",
  "Irricana",
  "Jarvis",
  "Jasper Park Lodge",
  "Joliette",
  "Jonquière",
  "Kamloops",
  "Kamsack",
  "Kanata",
  "Kapuskasing",
  "Kawartha Lakes",
  "Kelowna",
  "Kenora",
  "Kensington",
  "Kentville",
  "Kerrobert",
  "Keswick",
  "Keswick Ridge",
  "Killam",
  "Killarney",
  "Kimberley",
  "Kincardine",
  "Kindersley",
  "King",
  "Kingsey Falls",
  "Kingston",
  "Kirkland",
  "Kirkland Lake",
  "Kitchener",
  "Kitimat",
  "Kugluktuk",
  "L'Ancienne-Lorette",
  "L'Ange-Gardien",
  "L'Ascension-de-Notre-Seigneur",
  "L'Assomption",
  "L'Épiphanie",
  "L'Île-Perrot",
  "L'Orignal",
  "La Broquerie",
  "La Conception",
  "La Haute-Saint-Charles",
  "La Malbaie",
  "La Minerve",
  "La Pocatière",
  "La Prairie",
  "La Ronge",
  "La Sarre",
  "La Tuque",
  "Labelle",
  "Labrador City",
  "Lac du Bonnet",
  "Lac La Biche",
  "Lac-Alouette",
  "Lac-Brome",
  "Lac-Connelly",
  "Lac-Lapierre",
  "Lac-Mégantic",
  "Lac-Simon",
  "Lachute",
  "Lacolle",
  "Lacombe",
  "Ladner",
  "Ladysmith",
  "Lake Cowichan",
  "Lake Echo",
  "Lakefield",
  "Lambton Shores",
  "Lamont",
  "Landmark",
  "Langenburg",
  "Langford",
  "Langham",
  "Langley",
  "Lanigan",
  "Lanoraie",
  "Lantz",
  "Lappe",
  "Larkspur",
  "Laurel",
  "Laval",
  "Lavaltrie",
  "Le Bic",
  "le Plateau",
  "Leamington",
  "Lebel-sur-Quévillon",
  "Leblanc",
  "Leduc",
  "Les Cèdres",
  "Les Coteaux",
  "Les Escoumins",
  "Lethbridge",
  "Lévis",
  "Lewisporte",
  "Lillooet",
  "Limoges",
  "Lincoln",
  "Lindsay",
  "Linière",
  "Lions Bay",
  "Listowel",
  "Little Current",
  "Lively",
  "Lloydminster",
  "Logan Lake",
  "London",
  "Longueuil",
  "Lorette",
  "Lorraine",
  "Louiseville",
  "Lower Sackville",
  "Lucan",
  "Luceville",
  "Lumby",
  "Lumsden",
  "Lunenburg",
  "Lutes Mountain",
  "Macamic",
  "Mackenzie",
  "Macklin",
  "Madoc",
  "Magog",
  "Magrath",
  "Malartic",
  "Maliotenam",
  "Manawan",
  "Mandeville",
  "Manitoulin District",
  "Manitouwadge",
  "Maniwaki",
  "Manning",
  "Mannville",
  "Maple Creek",
  "Maple Ridge",
  "Maple Ridge",
  "Marathon",
  "Maria",
  "Marieville",
  "Markdale",
  "Markham",
  "Martensville",
  "Marystown",
  "Mascouche",
  "Maskinongé",
  "Matagami",
  "Matane",
  "Mattawa",
  "Mauricie",
  "Mayerthorpe",
  "McEwen",
  "Meadow Lake",
  "Meaford",
  "Medicine Hat",
  "Melfort",
  "Melita",
  "Melocheville",
  "Melville",
  "Mercier",
  "Merritt",
  "Métabetchouan",
  "Metabetchouan-Lac-a-la-Croix",
  "Metcalfe",
  "Metchosin",
  "Metro Vancouver Regional District",
  "Middleton",
  "Midland",
  "Mildmay",
  "Mill Woods Town Centre",
  "Millbrook",
  "Millet",
  "Milton",
  "Minnedosa",
  "Mirabel",
  "Miramichi",
  "Mission",
  "Mississauga",
  "Mississauga Beach",
  "Mistissini",
  "Moncton",
  "Mont-Joli",
  "Mont-Laurier",
  "Mont-Royal",
  "Mont-Saint-Grégoire",
  "Mont-Saint-Hilaire",
  "Mont-Tremblant",
  "Montague",
  "Montmagny",
  "Montréal",
  "Montréal-Est",
  "Montréal-Ouest",
  "Moose Factory",
  "Moose Jaw",
  "Moose Lake",
  "Moosomin",
  "Moosonee",
  "Morden",
  "Morin-Heights",
  "Morinville",
  "Morris",
  "Morrisburg",
  "Mount Albert",
  "Mount Brydges",
  "Mount Pearl",
  "Nackawic",
  "Nakusp",
  "Nanaimo",
  "Nanton",
  "Napanee Downtown",
  "Napierville",
  "Neebing",
  "Neepawa",
  "Nelson",
  "Nepean",
  "Neuville",
  "New Carlisle",
  "New Glasgow",
  "New Hamburg",
  "New Maryland",
  "New Westminster",
  "New-Richmond",
  "Newmarket",
  "Niagara Falls",
  "Nicolet",
  "Nipawin",
  "Nipissing District",
  "Niverville",
  "Noonan",
  "Nord-du-Québec",
  "Norfolk County",
  "Norman Wells",
  "Normandin",
  "North Battleford",
  "North Bay",
  "North Cowichan",
  "North Oyster/Yellow Point",
  "North Perth",
  "North Saanich",
  "North Vancouver",
  "North York",
  "Norwood",
  "Notre-Dame-de-Grâce",
  "Notre-Dame-de-l'Île-Perrot",
  "Notre-Dame-des-Prairies",
  "Notre-Dame-du-Lac",
  "Notre-Dame-du-Mont-Carmel",
  "Oak Bay",
  "Oakville",
  "Oka",
  "Okanagan",
  "Okanagan Falls",
  "Okotoks",
  "Olds",
  "Oliver",
  "Omemee",
  "Orangeville",
  "Orillia",
  "Ormstown",
  "Oromocto",
  "Osgoode",
  "Oshawa",
  "Osoyoos",
  "Ottawa",
  "Otterburn Park",
  "Outaouais",
  "Outlook",
  "Owen Sound",
  "Oxbow",
  "Oxford",
  "Paisley",
  "Pangnirtung",
  "Papineauville",
  "Parc-Boutin",
  "Paris",
  "Parkhill",
  "Parksville",
  "Parrsboro",
  "Parry Sound",
  "Parry Sound District",
  "Pasadena",
  "Peace River",
  "Peace River Regional District",
  "Peachland",
  "Peel",
  "Pelican Narrows",
  "Pemberton",
  "Pembroke",
  "Penhold",
  "Penticton",
  "Perth",
  "Petawawa",
  "Peterborough",
  "Petrolia",
  "Pickering",
  "Picton",
  "Pictou",
  "Pictou County",
  "Picture Butte",
  "Piedmont",
  "Pierreville",
  "Pilot Butte",
  "Pincher Creek",
  "Pincourt",
  "Pitt Meadows",
  "Plantagenet",
  "Plattsville",
  "Plessisville",
  "Pohénégamook",
  "Pointe-Calumet",
  "Pointe-Claire",
  "Pointe-du-Lac",
  "Ponoka",
  "Pont Rouge",
  "Port Alberni",
  "Port Colborne",
  "Port Coquitlam",
  "Port Hawkesbury",
  "Port Hope",
  "Port McNeill",
  "Port Moody",
  "Port Rowan",
  "Port Stanley",
  "Port Williams",
  "Port-Cartier",
  "Portage la Prairie",
  "Portneuf",
  "Powassan",
  "Powell River",
  "Preeceville",
  "Prescott",
  "Prévost",
  "Prince Albert",
  "Prince Edward",
  "Prince George",
  "Prince Rupert",
  "Princeton",
  "Princeville",
  "Princeville",
  "Provost",
  "Puntledge",
  "Québec",
  "Queenswood Heights",
  "Quesnel",
  "Quinte West",
  "Rainy River District",
  "Rankin Inlet",
  "Rawdon",
  "Raymond",
  "Rayside-Balfour",
  "Red Deer",
  "Red Lake",
  "Regina",
  "Regina Beach",
  "Regional District of Alberni-Clayoquot",
  "Regional District of Central Okanagan",
  "Regional Municipality of Waterloo",
  "Renfrew",
  "Repentigny",
  "Revelstoke",
  "Richelieu",
  "Richibucto",
  "Richmond",
  "Richmond",
  "Richmond",
  "Richmond Hill",
  "Rideau Park",
  "Ridgetown",
  "Rigaud",
  "Rimbey",
  "Rimouski",
  "Rivers",
  "Rivière-du-Loup",
  "Rivière-Rouge",
  "Roberval",
  "Roblin",
  "Rock Forest",
  "Rockwood",
  "Rocky Mountain House",
  "Rosemère",
  "Rosetown",
  "Rossland",
  "Rosthern",
  "Rougemont",
  "Rouyn-Noranda",
  "Royston",
  "Russell",
  "Sackville",
  "Sacré-Coeur",
  "Saguenay",
  "Saint Andrews",
  "Saint John",
  "Saint-Adolphe-d'Howard",
  "Saint-Alexandre",
  "Saint-Amable",
  "Saint-Ambroise",
  "Saint-André-Avellin",
  "Saint-Anselme",
  "Saint-Antoine",
  "Saint-Antoine-de-Tilly",
  "Saint-Augustin",
  "Saint-Augustin-de-Desmaures",
  "Saint-Barnabé-Sud",
  "Saint-Basile-le-Grand",
  "Saint-Boniface",
  "Saint-Bruno",
  "Saint-Bruno-de-Guigues",
  "Saint-Bruno-de-Montarville",
  "Saint-Canut",
  "Saint-Césaire",
  "Saint-Charles",
  "Saint-Côme-Linière",
  "Saint-Constant",
  "Saint-Cyrille-de-Wendover",
  "Saint-Damase",
  "Saint-Denis-sur-Richelieu",
  "Saint-Donat-de-Montcalm",
  "Saint-Édouard",
  "Saint-Elzéar",
  "Saint-Éphrem-de-Beauce",
  "Saint-Eustache",
  "Saint-Félicien",
  "Saint-Félix-de-Valois",
  "Saint-Gabriel",
  "Saint-Gédéon",
  "Saint-Georges",
  "Saint-Germain-de-Grantham",
  "Saint-Henri",
  "Saint-Hippolyte",
  "Saint-Honoré",
  "Saint-Hyacinthe",
  "Saint-Isidore",
  "Saint-Jacques-le-Mineur",
  "Saint-Jean-Baptiste",
  "Saint-Jean-sur-Richelieu",
  "Saint-Jérôme",
  "Saint-Joseph",
  "Saint-Joseph-de-Beauce",
  "Saint-Joseph-de-Coleraine",
  "Saint-Joseph-du-Lac",
  "Saint-Lambert-de-Lauzon",
  "Saint-Laurent",
  "Saint-Lazare",
  "Saint-Léonard",
  "Saint-Léonard",
  "Saint-Léonard-d'Aston",
  "Saint-Liboire",
  "Saint-Lin-Laurentides",
  "Saint-Marc-des-Carrières",
  "Saint-Mathieu",
  "Saint-Michel",
  "Saint-Michel-des-Saints",
  "Saint-Nazaire",
  "Saint-Norbert",
  "Saint-Pacôme",
  "Saint-Pascal",
  "Saint-Philippe-de-La Prairie",
  "Saint-Pie",
  "Saint-Pierre-les-Becquets",
  "Saint-Prime",
  "Saint-Raphaël",
  "Saint-Raymond",
  "Saint-Rémi",
  "Saint-Rémi-de-Tingwick",
  "Saint-Sauveur",
  "Saint-Sauveur-des-Monts",
  "Saint-Siméon",
  "Saint-Thomas",
  "Saint-Tite",
  "Saint-Victor",
  "Saint-Zotique",
  "Sainte Catherine de la Jacques Cartier",
  "Sainte-Adèle",
  "Sainte-Agathe-des-Monts",
  "Sainte-Anne-de-Bellevue",
  "Sainte-Anne-des-Monts",
  "Sainte-Anne-des-Plaines",
  "Sainte-Béatrix",
  "Sainte-Catherine",
  "Sainte-Croix",
  "Sainte-Élisabeth",
  "Sainte-Julie",
  "Sainte-Julienne",
  "Sainte-Madeleine",
  "Sainte-Marie",
  "Sainte-Marthe-sur-le-Lac",
  "Sainte-Martine",
  "Sainte-Sophie",
  "Sainte-Thècle",
  "Sainte-Thérèse",
  "Salaberry-de-Valleyfield",
  "Salisbury",
  "Salluit",
  "Salmo",
  "Salmon Arm",
  "Salt Spring Island",
  "Saltair",
  "Sarnia",
  "Saskatoon",
  "Sault Ste. Marie",
  "Scarborough",
  "Seaforth",
  "Sechelt",
  "Selkirk",
  "Senneterre",
  "Sept-Îles",
  "Sexsmith",
  "Shannon",
  "Shaunavon",
  "Shawinigan",
  "Shawville",
  "Shediac",
  "Shediac Bridge-Shediac River",
  "Shelburne",
  "Shelburne",
  "Shellbrook",
  "Sherbrooke",
  "Sherwood Park",
  "Shilo",
  "Shippagan",
  "Sicamous",
  "Silver Berry",
  "Simcoe",
  "Sioux Lookout",
  "Six Mile",
  "Skatepark",
  "Slave Lake",
  "Smithers",
  "Smiths Falls",
  "Smoky Lake",
  "Sooke",
  "Sorel-Tracy",
  "Souris",
  "Souris",
  "South Huron",
  "South Pender Harbour",
  "South River",
  "Sparwood",
  "Spirit River",
  "Springbrook",
  "Springdale",
  "Springhill",
  "Spruce Grove",
  "St-Jean-Port-Joli",
  "St. Adolphe",
  "St. Albert",
  "St. Anthony",
  "St. Catharines",
  "St. George",
  "St. John's",
  "St. Thomas",
  "Starlight Village",
  "Steinbach",
  "Stephenville",
  "Stephenville Crossing",
  "Stettler",
  "Stirling",
  "Stonewall",
  "Stoney Point",
  "Stony Plain",
  "Stratford",
  "Strathmore",
  "Sudbury",
  "Summerland",
  "Summerside",
  "Sundre",
  "Surrey",
  "Sussex",
  "Sutton",
  "Swan Hills",
  "Swan River",
  "Swift Current",
  "Sydney",
  "Sydney Mines",
  "Sylvan Lake",
  "Taber",
  "Tamarack",
  "Tavistock",
  "Témiscaming",
  "Temiskaming Shores",
  "Terrace",
  "Terrasse-des-Pins",
  "Terrebonne",
  "The Pas",
  "Thessalon",
  "Thetford-Mines",
  "Thompson",
  "Thornhill",
  "Thorold",
  "Three Hills",
  "Thunder Bay",
  "Thunder Bay District",
  "Thurso",
  "Timiskaming District",
  "Timmins",
  "Tisdale",
  "Tobermory",
  "Tofield",
  "Tofino",
  "Torbay",
  "Toronto",
  "Toronto county",
  "Tottenham",
  "Tracadie-Sheila",
  "Trail",
  "Trois-Rivières",
  "Truro",
  "Tsawwassen",
  "Tumbler Ridge",
  "Tweed",
  "Two Hills",
  "Ucluelet",
  "Unity",
  "Upper Island Cove",
  "Uxbridge",
  "Val-d'Or",
  "Val-David",
  "Val-des-Monts",
  "Val-Morin",
  "Valcourt",
  "Vallée-Jonction",
  "Valley East",
  "Valleyview",
  "Vancouver",
  "Vanderhoof",
  "Vanier",
  "Varennes",
  "Vaudreuil-Dorion",
  "Vaughan",
  "Vegreville",
  "Venise-en-Québec",
  "Verchères",
  "Vermilion",
  "Vernon",
  "Victoria",
  "Victoriaville",
  "Viking",
  "Ville-Marie",
  "Vineland",
  "Virden",
  "Virgil",
  "Vulcan",
  "Wabana",
  "Wadena",
  "Wainwright",
  "Wakefield",
  "Walnut Grove",
  "Walpole Island",
  "Warman",
  "Warwick",
  "Wasaga Beach",
  "Waskaganish",
  "Waswanipi",
  "Waterford",
  "Waterloo",
  "Waterloo",
  "Watford",
  "Watrous",
  "Watson Lake",
  "Wawa",
  "Weedon Centre",
  "Welcome Beach",
  "Welland",
  "Wellesley",
  "Wells",
  "Wembley",
  "Wendover",
  "West End",
  "West Kelowna",
  "West Lorne",
  "West St. Paul",
  "West Vancouver",
  "Westlake",
  "Westlock",
  "Westmount",
  "Wetaskiwin",
  "Weyburn",
  "Weymontachie",
  "Whistler",
  "White City",
  "White Rock",
  "Whitecourt",
  "Whitehorse",
  "Wild Rose",
  "Wilkie",
  "Williams Lake",
  "Willowdale",
  "Winchester",
  "Windsor",
  "Windsor",
  "Windsor",
  "Wingham",
  "Winkler",
  "Winnipeg",
  "Wolfville",
  "Woodstock",
  "Wynyard",
  "Yamachiche",
  "Yarmouth",
  "Yellowknife",
  "York",
  "Yorkton"
]