[
  "Abbey Wood",
  "Abbots Bromley",
  "Abbots Langley",
  "Abbotskerswell",
  "Abbotts Ann",
  "Aberaeron",
  "Abercanaid",
  "Abercarn",
  "Aberchirder",
  "Abercynon",
  "Aberdare",
  "Aberdeen",
  "Aberdeenshire",
  "Aberdour",
  "Aberfan",
  "Aberfeldy",
  "Aberford",
  "Abergavenny",
  "Abergele",
  "Aberkenfig",
  "Aberlady",
  "Abernethy",
  "Aberporth",
  "Abertillery",
  "Abertridwr",
  "Aberystwyth",
  "Abingdon",
  "Aboyne",
  "Abram",
  "Abridge",
  "Accrington",
  "Acklington",
  "Acle",
  "Acocks Green",
  "Acomb",
  "Acton",
  "Adderbury",
  "Addiebrownhill",
  "Addingham",
  "Addlestone",
  "Adlington",
  "Adwick le Street",
  "Ahoghill",
  "Airdrie",
  "Airmyn",
  "Airth",
  "Albrighton",
  "Alcester",
  "Alconbury",
  "Aldbourne",
  "Aldbrough",
  "Aldeburgh",
  "Alderbury",
  "Alderholt",
  "Alderley Edge",
  "Aldershot",
  "Aldford",
  "Aldridge",
  "Alexandria",
  "Alford",
  "Alford",
  "Alfreton",
  "Allanton",
  "Allhallows",
  "Alloa",
  "Almondbank",
  "Almondsbury",
  "Alness",
  "Alnwick",
  "Alresford",
  "Alrewas",
  "Alsager",
  "Alston",
  "Althorne",
  "Alton",
  "Altrincham",
  "Alva",
  "Alvechurch",
  "Alveley",
  "Alveston",
  "Alyth",
  "Amble",
  "Ambleside",
  "Ambrosden",
  "Amersham",
  "Amersham on the Hill",
  "Amesbury",
  "Amlwch",
  "Ammanford",
  "Ampthill",
  "Ancaster",
  "Andover",
  "Anglesey",
  "Angus",
  "Anna Valley",
  "Annahilt",
  "Annalong",
  "Annan",
  "Annfield Plain",
  "Anstey",
  "Anstruther",
  "Antrim",
  "Antrim and Newtownabbey",
  "Appleby",
  "Appleby-in-Westmorland",
  "Appledore",
  "Appleton Thorn",
  "Appley Bridge",
  "Arbroath",
  "Archway",
  "Ardersier",
  "Ardglass",
  "Ardingly",
  "Ardrishaig",
  "Ardrossan",
  "Ards and North Down",
  "Argyll and Bute",
  "Arlesey",
  "Armadale",
  "Armagh",
  "Armagh City Banbridge and Craigavon",
  "Armitage",
  "Armthorpe",
  "Arnold",
  "Arnside",
  "Arundel",
  "Ascot",
  "Asfordby",
  "Ash",
  "Ashbourne",
  "Ashburton",
  "Ashby de la Zouch",
  "Ashford",
  "Ashgill",
  "Ashill",
  "Ashington",
  "Ashtead",
  "Ashton in Makerfield",
  "Ashton Keynes",
  "Ashton-under-Lyne",
  "Ashurst",
  "Ashwell",
  "Askam in Furness",
  "Askern",
  "Aslockton",
  "Aspatria",
  "Aston",
  "Aston Clinton",
  "Aston-on-Trent",
  "Astwood Bank",
  "Atherstone",
  "Atherton",
  "Attleborough",
  "Atworth",
  "Auchinleck",
  "Auchterarder",
  "Auchtermuchty",
  "Auckley",
  "Audlem",
  "Audley",
  "Aveley",
  "Avening",
  "Aviemore",
  "Awsworth",
  "Axbridge",
  "Axminster",
  "Aylesbury",
  "Aylesford",
  "Aylesham",
  "Aylsham",
  "Ayr",
  "Babworth",
  "Backworth",
  "Bacton",
  "Bacup",
  "Badsey",
  "Badsworth",
  "Bagillt",
  "Bagshot",
  "Bagworth",
  "Baildon",
  "Bakewell",
  "Bala",
  "Balcombe",
  "Baldock",
  "Balerno",
  "Balfron",
  "Balintore",
  "Ballater",
  "Ballinamallard",
  "Ballingry",
  "Ballintoy Harbour",
  "Balloch",
  "Ballycastle",
  "Ballyclare",
  "Ballygowan",
  "Ballykelly",
  "Ballymena",
  "Ballymoney",
  "Ballynahinch",
  "Ballypatrick",
  "Ballywalter",
  "Balmedie",
  "Balmullo",
  "Balsall Common",
  "Balsham",
  "Bamburgh",
  "Bampton",
  "Banbridge",
  "Banbury",
  "Banchory",
  "Banff",
  "Bangor",
  "Bangor",
  "Banham",
  "Bankfoot",
  "Banknock",
  "Banks",
  "Bannockburn",
  "Banstead",
  "Banwell",
  "Bar Hill",
  "Barbican",
  "Bardney",
  "Bardsey",
  "Bargeddie",
  "Bargoed",
  "Barham",
  "Barking",
  "Barkisland",
  "Barlaston",
  "Barlborough",
  "Barlby",
  "Barlestone",
  "Barmby on the Marsh",
  "Barmouth",
  "Barnack",
  "Barnard Castle",
  "Barnburgh",
  "Barnet",
  "Barnetby le Wold",
  "Barnham",
  "Barnoldswick",
  "Barnsbury",
  "Barnsley",
  "Barnstaple",
  "Barnt Green",
  "Barnwood",
  "Barra",
  "Barrhead",
  "Barrow in Furness",
  "Barrow upon Humber",
  "Barrow upon Soar",
  "Barrowby",
  "Barrowford",
  "Barry",
  "Bartley Green",
  "Barton under Needwood",
  "Barton upon Humber",
  "Barton-le-Clay",
  "Baschurch",
  "Basford",
  "Basildon",
  "Basingstoke",
  "Basingstoke and Deane",
  "Baslow",
  "Bassingbourn",
  "Bassingham",
  "Baston",
  "Bath",
  "Bath and North East Somerset",
  "Bathgate",
  "Batley",
  "Battersea",
  "Battle",
  "Bawtry",
  "Bay Horse",
  "Bayston Hill",
  "Bayswater",
  "Beaconsfield",
  "Beadnell",
  "Beaminster",
  "Bearsden",
  "Beauly",
  "Beaumaris",
  "Bebington",
  "Beccles",
  "Beckenham",
  "Beckingham",
  "Becontree",
  "Bedale",
  "Beddau",
  "Bedford",
  "Bedlington",
  "Bedlinog",
  "Bedwas",
  "Bedworth",
  "Beeford",
  "Beighton",
  "Beith",
  "Belbroughton",
  "Belfast",
  "Belford",
  "Bellaghy",
  "Bellingham",
  "Bellsbank",
  "Bellshill",
  "Belmont",
  "Belper",
  "Belsize Park",
  "Belton",
  "Belvedere",
  "Bembridge",
  "Bempton",
  "Benbecula",
  "Benllech",
  "Benson",
  "Bentley",
  "Benwell",
  "Bere Alston",
  "Bere Regis",
  "Berkeley",
  "Berkhamsted",
  "Berwick-Upon-Tweed",
  "Bethesda",
  "Bethnal Green",
  "Betley",
  "Betws",
  "Betws-y-Coed",
  "Beverley",
  "Bewbush",
  "Bewdley",
  "Bexhill-on-Sea",
  "Bexley",
  "Bicester",
  "Bicknacre",
  "Bicton",
  "Biddenden",
  "Biddestone",
  "Biddulph",
  "Bideford",
  "Bidford-on-Avon",
  "Biggar",
  "Biggin Hill",
  "Biggleswade",
  "Bildeston",
  "Billericay",
  "Billingborough",
  "Billinge",
  "Billingham",
  "Billinghay",
  "Billingshurst",
  "Billington",
  "Bilsdale",
  "Bilsthorpe",
  "Bilston",
  "Bilston",
  "Bingham",
  "Bingley",
  "Birchington-on-Sea",
  "Bircotes",
  "Birdham",
  "Birdwell",
  "Birkenhead",
  "Birmingham",
  "Bishop Auckland",
  "Bishop Middleham",
  "Bishop Sutton",
  "Bishop's Castle",
  "Bishopbriggs",
  "Bishops Cleeve",
  "Bishops Lydeard",
  "Bishops Stortford",
  "Bishops Waltham",
  "Bishopsteignton",
  "Bishopstoke",
  "Bishopston",
  "Bishopstone",
  "Bishopsworth",
  "Bishopthorpe",
  "Bishopton",
  "Bishopton",
  "Bitton",
  "Blaby",
  "Black Notley",
  "Blackburn",
  "Blackburn",
  "Blackburn with Darwen",
  "Blackheath",
  "Blackley",
  "Blackmoorfoot",
  "Blackpool",
  "Blackridge",
  "Blackrod",
  "Blackwell",
  "Blackwood",
  "Blackwood",
  "Blacon",
  "Blaenau Gwent",
  "Blaenau-Ffestiniog",
  "Blaenavon",
  "Blaengwynfi",
  "Blagdon",
  "Blairgowrie",
  "Blandford Forum",
  "Blantyre",
  "Blaydon-on-Tyne",
  "Bleadon",
  "Blean",
  "Bletchingley",
  "Bletchley",
  "Blewbury",
  "Blidworth",
  "Blindley Heath",
  "Blisworth",
  "Blockley",
  "Bloxham",
  "Bloxwich",
  "Blunham",
  "Bluntisham",
  "Blyth",
  "Blyton",
  "Bo’ness",
  "Boddam",
  "Bodedern",
  "Bodelwyddan",
  "Bodle Street",
  "Bodmin",
  "Bognor Regis",
  "Bollington",
  "Bolsover",
  "Bolton",
  "Bolton le Sands",
  "Bolton upon Dearne",
  "Bonhill",
  "Bonnybridge",
  "Bonnyrigg",
  "Boosbeck",
  "Bootle",
  "Bordon",
  "Boreham",
  "Borehamwood",
  "Borough Green",
  "Borough of Bolton",
  "Borough of Bury",
  "Borough of Eastleigh",
  "Borough of Fareham",
  "Borough of Halton",
  "Borough of Havant",
  "Borough of North Tyneside",
  "Borough of Oldham",
  "Borough of Rochdale",
  "Borough of Stockport",
  "Borough of Swindon",
  "Borough of Tameside",
  "Borough of Thurrock",
  "Borough of Torbay",
  "Borough of Wigan",
  "Boroughbridge",
  "Borrowash",
  "Borth",
  "Bosham",
  "Boston",
  "Boston Spa",
  "Botesdale",
  "Bothwell",
  "Botley",
  "Bottesford",
  "Bottisham",
  "Boughton",
  "Bourne",
  "Bourne End",
  "Bournemouth",
  "Bourton",
  "Bourton on the Water",
  "Bovey Tracey",
  "Bovingdon",
  "Bovington Camp",
  "Bow",
  "Bow Brickhill",
  "Bow Street",
  "Bowburn",
  "Bowdon",
  "Bowthorpe",
  "Box",
  "Boxgrove",
  "Boxted",
  "Bozeat",
  "Bracebridge Heath",
  "Brackley",
  "Bracknell",
  "Bracknell Forest",
  "Bradfield",
  "Bradford",
  "Bradford-on-Avon",
  "Brading",
  "Bradley Cross",
  "Bradninch",
  "Bradwell",
  "Braintree",
  "Bramford",
  "Bramhall",
  "Bramham",
  "Bramhope",
  "Bramley",
  "Brampton",
  "Brandesburton",
  "Brandon",
  "Bransgore",
  "Branston",
  "Bratton",
  "Braunston",
  "Braunton",
  "Brayton",
  "Bream",
  "Brechin",
  "Brecon",
  "Bredbury",
  "Bredon",
  "Brenchley",
  "Brent",
  "Brent Knoll",
  "Brentford",
  "Brentwood",
  "Brewood",
  "Bridge",
  "Bridge of Allan",
  "Bridge of Earn",
  "Bridge of Weir",
  "Bridgend",
  "Bridgend county borough",
  "Bridgnorth",
  "Bridgwater",
  "Bridlington",
  "Bridport",
  "Brierfield",
  "Brierley Hill",
  "Brigg",
  "Brighouse",
  "Brighstone",
  "Brightlingsea",
  "Brighton",
  "Brighton and Hove",
  "Brightons",
  "Brigstock",
  "Brill",
  "Brimscombe",
  "Brinklow",
  "Brinscall",
  "Bristol",
  "Briston",
  "Briton Ferry",
  "Brixham",
  "Brixton",
  "Brixton Hill",
  "Brixworth",
  "Broad Blunsdon",
  "Broadfield",
  "Broadstairs",
  "Broadstone",
  "Broadwater",
  "Broadway",
  "Brockenhurst",
  "Brockley",
  "Bromborough",
  "Bromham",
  "Brompton",
  "Bromsgrove",
  "Bromyard",
  "Brooke",
  "Brora",
  "Broseley",
  "Brotton",
  "Brough",
  "Broughshane",
  "Broughton",
  "Broughton",
  "Broughton Astley",
  "Brownhills",
  "Broxbourne",
  "Broxburn",
  "Brundall",
  "Bruton",
  "Brymbo",
  "Bryn",
  "Brynamman",
  "Brynmawr",
  "Brynna",
  "Bubwith",
  "Buckden",
  "Buckfastleigh",
  "Buckhaven",
  "Buckhurst Hill",
  "Buckie",
  "Buckingham",
  "Buckinghamshire",
  "Buckley",
  "Bucknell",
  "Bude",
  "Budleigh Salterton",
  "Bugbrooke",
  "Bugle",
  "Builth Wells",
  "Bulford",
  "Bulkington",
  "Bulphan",
  "Bunbury",
  "Bungay",
  "Buntingford",
  "Burbage",
  "Bures Saint Mary",
  "Burford",
  "Burgess Hill",
  "Burgh le Marsh",
  "Burghead",
  "Burham",
  "Burley",
  "Burley in Wharfedale",
  "Burnage",
  "Burneside",
  "Burngreave",
  "Burnham-on-Crouch",
  "Burnham-on-Sea",
  "Burniston",
  "Burnley",
  "Burnopfield",
  "Burntisland",
  "Burntwood",
  "Burringham",
  "Burrington",
  "Burry Port",
  "Burscough",
  "Bursledon",
  "Burstwick",
  "Burton",
  "Burton Joyce",
  "Burton Latimer",
  "Burton on the Wolds",
  "Burton Pidsea",
  "Burton upon Stather",
  "Burton upon Trent",
  "Burtonwood",
  "Burwash",
  "Burwell",
  "Bury",
  "Bury St Edmunds",
  "Busby",
  "Bushey",
  "Bushmills",
  "Butterwick",
  "Buxted",
  "Buxton",
  "Byfield",
  "Byram",
  "Caddington",
  "Cadnam",
  "Caergwrle",
  "Caerleon",
  "Caernarfon",
  "Caerphilly",
  "Caerphilly County Borough",
  "Caerwent",
  "Cairneyhill",
  "Cairnryan",
  "Caister-on-Sea",
  "Caistor",
  "Calcot",
  "Calderbank",
  "Caldercruix",
  "Calderdale",
  "Caldicot",
  "Callander",
  "Callington",
  "Calne",
  "Calverton",
  "Camber",
  "Camberley",
  "Camblesforth",
  "Camborne",
  "Cambourne",
  "Cambridge",
  "Cambridgeshire",
  "Cambuslang",
  "Camden Town",
  "Cameley",
  "Camelford",
  "Campbeltown",
  "Campsall",
  "Canary Wharf",
  "Canewdon",
  "Canford Heath",
  "Cannock",
  "Canterbury",
  "Canvey Island",
  "Caol",
  "Capel",
  "Capel le Ferne",
  "Capel Saint Mary",
  "Carcroft",
  "Cardenden",
  "Cardiff",
  "Cardigan",
  "Cardington",
  "Cardross",
  "Carfin",
  "Carlisle",
  "Carlton",
  "Carluke",
  "Carmarthen",
  "Carmarthenshire",
  "Carmunnock",
  "Carnforth",
  "Carnlough",
  "Carnmoney",
  "Carnoustie",
  "Carnwath",
  "Carrickfergus",
  "Carron",
  "Carronshore",
  "Carryduff",
  "Carshalton",
  "Carterton",
  "Castle Cary",
  "Castle Donington",
  "Castle Douglas",
  "Castle Hedingham",
  "Castle Vale",
  "Castledawson",
  "Castlederg",
  "Castleford",
  "Castlereagh",
  "Castlerock",
  "Castleside",
  "Castlewellan",
  "Castor",
  "Catcliffe",
  "Caterham",
  "Caton",
  "Catrine",
  "Catterall",
  "Catterick",
  "Catterick Garrison",
  "Causeway Coast and Glens",
  "Cawood",
  "Cawston",
  "Cawthorne",
  "Caythorpe",
  "Cefn Cribwr",
  "Cemaes Bay",
  "Central Bedfordshire",
  "Chacewater",
  "Chadwell Heath",
  "Chadwell St Mary",
  "Chafford Hundred",
  "Chagford",
  "Chalfont Saint Peter",
  "Chalfont St Giles",
  "Chalford",
  "Chalgrove",
  "Chalton",
  "Chapel Allerton",
  "Chapel en le Frith",
  "Chapel Saint Leonards",
  "Chapelhall",
  "Chapeltown",
  "Chapmanslade",
  "Chard",
  "Charfield",
  "Charing",
  "Charlbury",
  "Charlestown of Aberlour",
  "Charlton Kings",
  "Charlton Marshall",
  "Charminster",
  "Charmouth",
  "Chartham",
  "Charvil",
  "Chasetown",
  "Chatburn",
  "Chatham",
  "Chatteris",
  "Cheadle",
  "Cheadle Heath",
  "Cheadle Hulme",
  "Cheam",
  "Cheddar",
  "Cheddington",
  "Cheddleton",
  "Cheetham Hill",
  "Chelford",
  "Chelmsford",
  "Chelmsley Wood",
  "Chelsea",
  "Cheltenham",
  "Chepstow",
  "Cherry Burton",
  "Chertsey",
  "Chesham",
  "Cheshire East",
  "Cheshire West and Chester",
  "Cheshunt",
  "Chessington",
  "Chester",
  "Chester-le-Street",
  "Chesterfield",
  "Chew Magna",
  "Chichester",
  "Chickerell",
  "Chicksands",
  "Chiddingfold",
  "Chigwell",
  "Chilcompton",
  "Child Okeford",
  "Chilton Foliat",
  "Chilworth",
  "Chinley",
  "Chinnor",
  "Chippenham",
  "Chipping Campden",
  "Chipping Norton",
  "Chipping Ongar",
  "Chipping Sodbury",
  "Chirk",
  "Chirnside",
  "Chiseldon",
  "Chislehurst",
  "Chobham",
  "Cholsey",
  "Choppington",
  "Chopwell",
  "Chorley",
  "Chorleywood",
  "Chorlton",
  "Chorlton cum Hardy",
  "Christchurch",
  "Chryston",
  "Chudleigh",
  "Chudleigh Knighton",
  "Chulmleigh",
  "Church",
  "Church Fenton",
  "Church Stretton",
  "Churchdown",
  "Churchill",
  "Churt",
  "Cinderford",
  "Cirencester",
  "City and Borough of Birmingham",
  "City and Borough of Leeds",
  "City and Borough of Salford",
  "City and Borough of Wakefield",
  "City and County of Swansea",
  "City of Belfast",
  "City of Bristol",
  "City of Edinburgh",
  "City of Kingston upon Hull",
  "City of Leicester",
  "City of London",
  "City of Westminster",
  "City of Winchester",
  "City of York",
  "Clackmannan",
  "Clackmannanshire",
  "Clacton-on-Sea",
  "Clapham",
  "Clarborough",
  "Clare",
  "Clarkston",
  "Claydon",
  "Claypole",
  "Clayton le Moors",
  "Clayton West",
  "Clayton-le-Woods",
  "Cleator Moor",
  "Cleckheaton",
  "Cleethorpes",
  "Cleland",
  "Clenchwarton",
  "Cleobury Mortimer",
  "Clerkenwell",
  "Clevedon",
  "Cleveleys",
  "Cliffe",
  "Clifton",
  "Clitheroe",
  "Clive",
  "Clophill",
  "Clowne",
  "Clutton",
  "Clydach",
  "Clydebank",
  "Coalburn",
  "Coalisland",
  "Coaltown of Balgonie",
  "Coalville",
  "Coatbridge",
  "Coates",
  "Cobham",
  "Cockenzie",
  "Cockermouth",
  "Cockfield",
  "Cockington",
  "Codicote",
  "Codsall",
  "Coedpoeth",
  "Cogenhoe",
  "Coggeshall",
  "Coity",
  "Colchester",
  "Cold Ash",
  "Cold Norton",
  "Colden Common",
  "Coldstream",
  "Coleford",
  "Coleraine",
  "Colerne",
  "Colinton",
  "Collier Row",
  "Collingbourne Kingston",
  "Collingham",
  "Colnbrook",
  "Colne",
  "Colsterworth",
  "Coltishall",
  "Colwich",
  "Colwyn Bay",
  "Colyton",
  "Combe Martin",
  "Comber",
  "Comberton",
  "Compton",
  "Compton Martin",
  "Comrie",
  "Congleton",
  "Congresbury",
  "Coningsby",
  "Conisbrough",
  "Connor",
  "Conon Bridge",
  "Consett",
  "Conwy",
  "Cookham",
  "Cookley",
  "Cookstown",
  "Cople",
  "Copmanthorpe",
  "Copplestone",
  "Coppull",
  "Copthorne",
  "Corbridge",
  "Corby",
  "Corby Glen",
  "Corfe Castle",
  "Cornholme",
  "Cornwall",
  "Corse",
  "Corsham",
  "Corston",
  "Cosby",
  "Cosham",
  "Costessey",
  "Cotgrave",
  "Cottenham",
  "Cottesmore",
  "Cottingham",
  "Coulsdon",
  "Coundon",
  "Countesthorpe",
  "County Durham",
  "County of Ceredigion",
  "County of Flintshire",
  "Coupar Angus",
  "Cove",
  "Coven",
  "Coventry",
  "Cowbit",
  "Cowbridge",
  "Cowdenbeath",
  "Cowes",
  "Cowfold",
  "Cowie",
  "Cowley",
  "Cowplain",
  "Coxhoe",
  "Coylton",
  "Cradley Heath",
  "Craigavon",
  "Crail",
  "Cramlington",
  "Cranbrook",
  "Cranfield",
  "Cranham",
  "Cranleigh",
  "Cranwell",
  "Craven Arms",
  "Crawley",
  "Crawley Down",
  "Credenhill",
  "Crediton",
  "Creech Saint Michael",
  "Creswell",
  "Crewe",
  "Crewkerne",
  "Criccieth",
  "Crick",
  "Crickhowell",
  "Cricklade",
  "Crieff",
  "Cringleford",
  "Croeserw",
  "Croft",
  "Crofton",
  "Crofty",
  "Cromer",
  "Cromford",
  "Crondall",
  "Crook",
  "Cropwell Bishop",
  "Crosby",
  "Cross Hands",
  "Cross Hills",
  "Crossford",
  "Crossgar",
  "Crossgates",
  "Crosshouse",
  "Crossmaglen",
  "Croston",
  "Crouch End",
  "Crowborough",
  "Crowland",
  "Crowle",
  "Crowthorne",
  "Croy",
  "Croydon",
  "Cruden Bay",
  "Crumlin",
  "Crumlin",
  "Crumpsall",
  "Crymych",
  "Crynant",
  "Cuckfield",
  "Cuddington",
  "Cudworth",
  "Cuffley",
  "Culcheth",
  "Cullen",
  "Cullingworth",
  "Culloden",
  "Cullompton",
  "Cullybackey",
  "Culmore",
  "Cults",
  "Culverstone Green",
  "Cumbernauld",
  "Cumbria",
  "Cumnock",
  "Cupar",
  "Curdworth",
  "Currie",
  "Curry Rivel",
  "Cushendall",
  "Cuxton",
  "Cwm",
  "Cwmafan",
  "Cwmbach",
  "Cwmbran",
  "Dagenham",
  "Dalbeattie",
  "Dalgety Bay",
  "Dalkeith",
  "Dalmellington",
  "Dalry",
  "Dalrymple",
  "Dalserf",
  "Dalston",
  "Dalton in Furness",
  "Danbury",
  "Danby",
  "Danderhall",
  "Darenth",
  "Daresbury",
  "Darfield",
  "Darlaston",
  "Darlington",
  "Darras Hall",
  "Darrington",
  "Dartford",
  "Dartmouth",
  "Darton",
  "Darvel",
  "Darwen",
  "Datchet",
  "Datchworth",
  "Daventry",
  "Dawlish",
  "Deal",
  "Deanshanger",
  "Dearham",
  "Debenham",
  "Deddington",
  "Dedham",
  "Deeside",
  "Deganwy",
  "Deiniolen",
  "Delabole",
  "Delph",
  "Denbigh",
  "Denbighshire",
  "Denby Dale",
  "Denham",
  "Denholme",
  "Denmead",
  "Denny",
  "Dennyloanhead",
  "Denton",
  "Denton Holme",
  "Derby",
  "Derbyshire",
  "Deri",
  "Derry",
  "Derry City and Strabane",
  "Dersingham",
  "Desborough",
  "Desford",
  "Devizes",
  "Devon",
  "Dewsbury",
  "Dickens Heath",
  "Dickleburgh",
  "Didcot",
  "Didsbury",
  "Diggle",
  "Dinas Powys",
  "Dingwall",
  "Dinnington",
  "Dinton",
  "Disley",
  "Diss",
  "Distington",
  "District of Rutland",
  "Ditchingham",
  "Ditchling",
  "Ditton Hill",
  "Doagh",
  "Dobwalls",
  "Doddington",
  "Dodworth",
  "Dolgellau",
  "Dollar",
  "Donaghadee",
  "Doncaster",
  "Donington",
  "Donisthorpe",
  "Donnington",
  "Dorchester",
  "Dorking",
  "Dormansland",
  "Dornoch",
  "Dorridge",
  "Dorset",
  "Dorstone",
  "Douglas",
  "Doune",
  "Dove Holes",
  "Dover",
  "Dovercourt",
  "Doveridge",
  "Downham Market",
  "Downpatrick",
  "Downton",
  "Draperstown",
  "Draycott",
  "Dreghorn",
  "Driffield",
  "Droitwich",
  "Dromore",
  "Dronfield",
  "Drongan",
  "Droylsden",
  "Drumnadrochit",
  "Drybrook",
  "Ducklington",
  "Dudley",
  "Duffield",
  "Dufftown",
  "Dukinfield",
  "Dulverton",
  "Dumbarton",
  "Dumfries",
  "Dumfries and Galloway",
  "Dunbar",
  "Dunblane",
  "Dunchurch",
  "Dundee",
  "Dundonald",
  "Dundonald",
  "Dundrum",
  "Dundry",
  "Dunfermline",
  "Dungannon",
  "Dungiven",
  "Dunholme",
  "Dunipace",
  "Dunkeswell",
  "Dunlop",
  "Dunloy",
  "Dunnington",
  "Dunoon",
  "Duns",
  "Dunstable",
  "Dunswell",
  "Duntocher",
  "Durham",
  "Dursley",
  "Duxford",
  "Dyce",
  "Dyffryn Ardudwy",
  "Dymchurch",
  "Dyserth",
  "Eaglescliffe",
  "Eaglesham",
  "Earby",
  "Earith",
  "Earl Shilton",
  "Earls Barton",
  "Earls Colne",
  "Earlsfield",
  "Earlston",
  "Easington",
  "Easingwold",
  "East Ayrshire",
  "East Ayton",
  "East Bergholt",
  "East Boldon",
  "East Bridgford",
  "East Calder",
  "East Chevington",
  "East Cowes",
  "East Dean",
  "East Dereham",
  "East Dunbartonshire",
  "East Grinstead",
  "East Hampshire",
  "East Hanney",
  "East Harling",
  "East Harptree",
  "East Horsley",
  "East Keswick",
  "East Kilbride",
  "East Leake",
  "East Linton",
  "East Lothian",
  "East Markham",
  "East Molesey",
  "East Peckham",
  "East Rainton",
  "East Renfrewshire",
  "East Riding of Yorkshire",
  "East Sussex",
  "East Tilbury",
  "East Wemyss",
  "East Whitburn",
  "East Wittering",
  "Eastbourne",
  "Eastchurch",
  "Eastington",
  "Eastleigh",
  "Eastoft",
  "Easton",
  "Easton on the Hill",
  "Easton-in-Gordano",
  "Eastriggs",
  "Eastrington",
  "Eastry",
  "Eastwood",
  "Eaton Bray",
  "Eaton Socon",
  "Eattington",
  "Ebbw Vale",
  "Eccles",
  "Eccleshall",
  "Eccleston",
  "Eckington",
  "Edenbridge",
  "Edenfield",
  "Edgmond",
  "Edgware",
  "Edgworth",
  "Edinburgh",
  "Edington",
  "Edith Weston",
  "Edwinstowe",
  "Egham",
  "Eglinton",
  "Egremont",
  "Eight Ash Green",
  "Eilean Siar",
  "Elderslie",
  "Elgin",
  "Elland",
  "Ellerker",
  "Ellerton",
  "Ellesmere",
  "Ellesmere Port",
  "Ellon",
  "Elm Park",
  "Elmstead Market",
  "Elmswell",
  "Elsenham",
  "Elstead",
  "Elstree",
  "Elswick",
  "Elvington",
  "Elwick",
  "Ely",
  "Emberton",
  "Embleton",
  "Embsay",
  "Emley",
  "Emneth",
  "Empingham",
  "Emsworth",
  "Enderby",
  "Enfield Town",
  "Enniskillen",
  "Epping",
  "Epsom",
  "Epworth",
  "Erith",
  "Errol",
  "Erskine",
  "Esher",
  "Essendine",
  "Essex",
  "Essington",
  "Eton",
  "Eton Wick",
  "Etton",
  "Etwall",
  "Euxton",
  "Evanton",
  "Evenwood",
  "Evercreech",
  "Eversholt",
  "Eversley",
  "Everton",
  "Evesham",
  "Ewell",
  "Ewhurst",
  "Ewyas Harold",
  "Exeter",
  "Exhall",
  "Exminster",
  "Exmouth",
  "Exning",
  "Exton",
  "Eye",
  "Eyemouth",
  "Eynsford",
  "Eynsham",
  "Eythorne",
  "Faifley",
  "Failsworth",
  "Fairford",
  "Fairlands",
  "Fairlie",
  "Fairlight",
  "Fakenham",
  "Falkirk",
  "Falkland",
  "Fallin",
  "Fallowfield",
  "Falmouth",
  "Fareham",
  "Faringdon",
  "Farnborough",
  "Farndon",
  "Farnham",
  "Farnham Royal",
  "Farnsfield",
  "Farnworth",
  "Fauldhouse",
  "Faversham",
  "Fazeley",
  "Featherstone",
  "Felixstowe",
  "Felling",
  "Feltham",
  "Felton",
  "Feltwell",
  "Fenstanton",
  "Fenwick",
  "Fermanagh and Omagh",
  "Ferndale",
  "Ferndown",
  "Fernhill Heath",
  "Fernhurst",
  "Ferrybridge",
  "Ferryhill",
  "Fife",
  "Filey",
  "Finchampstead",
  "Findern",
  "Findochty",
  "Findon",
  "Finedon",
  "Finningley",
  "Fintona",
  "Fishburn",
  "Fishguard",
  "Fishtoft",
  "Fitzwilliam",
  "Five Oak Green",
  "Fivemiletown",
  "Flamborough",
  "Fleckney",
  "Fleet",
  "Fleetwood",
  "Flexbury",
  "Flimby",
  "Flimwell",
  "Flint",
  "Flitwick",
  "Flockton",
  "Flookburgh",
  "Flore",
  "Fochabers",
  "Fochriw",
  "Folkestone",
  "Fontwell",
  "Ford",
  "Fordham",
  "Fordingbridge",
  "Forest Row",
  "Forfar",
  "Formby",
  "Forres",
  "Fort William",
  "Forth",
  "Fortrose",
  "Fortuneswell",
  "Foulridge",
  "Foulsham",
  "Four Crosses",
  "Four Lanes",
  "Four Marks",
  "Fowey",
  "Fowlmere",
  "Framlingham",
  "Frampton on Severn",
  "Fraserburgh",
  "Freckleton",
  "Fremington",
  "Freshwater",
  "Freuchie",
  "Frimley",
  "Frinton-on-Sea",
  "Friockheim",
  "Friston",
  "Frizington",
  "Frodsham",
  "Frome",
  "Fulbourn",
  "Full Sutton",
  "Furnace Green",
  "Fylde",
  "Gaerwen",
  "Gainford",
  "Gainsborough",
  "Galashiels",
  "Galgate",
  "Galston",
  "Gamlingay",
  "Garelochhead",
  "Garforth",
  "Gargrave",
  "Garsington",
  "Garstang",
  "Gartcosh",
  "Garvagh",
  "Gateshead",
  "Geddington",
  "Gedney Hill",
  "Gelligaer",
  "Germoe",
  "Gerrards Cross",
  "Giffnock",
  "Gilberdyke",
  "Gilfach Goch",
  "Gilford",
  "Gillingham",
  "Gilwern",
  "Girton",
  "Girvan",
  "Glanamman",
  "Glandwr",
  "Glapwell",
  "Glasgow",
  "Glastonbury",
  "Glazebury",
  "Glemsford",
  "Glenariff",
  "Glenavy",
  "Glenboig",
  "Glenfield",
  "Glenmavis",
  "Glenrothes",
  "Glinton",
  "Glossop",
  "Gloucester",
  "Gloucestershire",
  "Glusburn",
  "Glyn-neath",
  "Glyncorrwg",
  "Gnosall",
  "Gobowen",
  "Godalming",
  "Godmanchester",
  "Godshill",
  "Godstone",
  "Golborne",
  "Golspie",
  "Goodwick",
  "Goole",
  "Goosnargh",
  "Goostrey",
  "Gorebridge",
  "Goring",
  "Goring-by-Sea",
  "Gorleston-on-Sea",
  "Gorseinon",
  "Gosberton",
  "Gosfield",
  "Gosforth",
  "Gosport",
  "Gosport",
  "Gossops Green",
  "Gotham",
  "Goudhurst",
  "Gourock",
  "Govilon",
  "Goxhill",
  "Grain",
  "Grange Hill",
  "Grange-over-Sands",
  "Grangemouth",
  "Grantham",
  "Grantown on Spey",
  "Grappenhall",
  "Grassington",
  "Gravesend",
  "Grays",
  "Greasby",
  "Great Amwell",
  "Great Ayton",
  "Great Bardfield",
  "Great Barford",
  "Great Barton",
  "Great Bedwyn",
  "Great Bentley",
  "Great Bookham",
  "Great Chesterford",
  "Great Dunmow",
  "Great Eccleston",
  "Great Glen",
  "Great Gonerby",
  "Great Gransden",
  "Great Hanwood",
  "Great Harwood",
  "Great Haywood",
  "Great Horkesley",
  "Great Horwood",
  "Great Houghton",
  "Great Leighs",
  "Great Malvern",
  "Great Marton",
  "Great Missenden",
  "Great Paxton",
  "Great Sankey",
  "Great Torrington",
  "Great Wakering",
  "Great Waldingfield",
  "Great Wyrley",
  "Great Yarmouth",
  "Great Yeldham",
  "Greater London",
  "Greatham",
  "Greenfield",
  "Greenfield",
  "Greenford",
  "Greenhill",
  "Greenhill",
  "Greenhithe",
  "Greenisland",
  "Greenock",
  "Greetham",
  "Gresford",
  "Gretna",
  "Greyabbey",
  "Grimethorpe",
  "Grimsby",
  "Grimston",
  "Griston",
  "Gronant",
  "Groombridge",
  "Grove",
  "Grovesend",
  "Grundisburgh",
  "Guilden Sutton",
  "Guildford",
  "Guilsfield",
  "Guisborough",
  "Guiseley",
  "Gullane",
  "Gunness",
  "Gunnislake",
  "Gwynedd",
  "Hackleton",
  "Haddenham",
  "Haddington",
  "Hadleigh",
  "Hadley",
  "Hadley Wood",
  "Hadlow",
  "Hadston",
  "Hagley",
  "Hailsham",
  "Hainault",
  "Hale",
  "Halesowen",
  "Halesworth",
  "Halifax",
  "Halkirk",
  "Hallglen",
  "Halling",
  "Hallow",
  "Halstead",
  "Halton",
  "Haltwhistle",
  "Hamble-le-Rice",
  "Hambleton",
  "Hameldon Hill",
  "Hamilton",
  "Hampshire",
  "Hampton",
  "Hampton in Arden",
  "Handcross",
  "Hannington",
  "Hanslope",
  "Hapton",
  "Harbury",
  "Hardingstone",
  "Hardwick Village",
  "Harefield",
  "Harlech",
  "Harleston",
  "Harlington",
  "Harlow",
  "Harold Wood",
  "Harpenden",
  "Harpole",
  "Harrietsham",
  "Harringay",
  "Harrogate",
  "Harrold",
  "Harrow on the Hill",
  "Harston",
  "Hart",
  "Harthill",
  "Harthill",
  "Hartlebury",
  "Hartlepool",
  "Hartley",
  "Hartley Wintney",
  "Hartshill",
  "Hartwell",
  "Harvington",
  "Harwell",
  "Harwich",
  "Haslemere",
  "Haslingden",
  "Haslingfield",
  "Hassocks",
  "Hastings",
  "Haswell",
  "Hatfield",
  "Hatfield Heath",
  "Hatfield Peverel",
  "Hatherleigh",
  "Hathern",
  "Hathersage",
  "Hatton",
  "Haughley",
  "Haughton Green",
  "Havant",
  "Haverfordwest",
  "Haverhill",
  "Haverigg",
  "Hawarden",
  "Hawick",
  "Hawkhurst",
  "Hawkinge",
  "Haworth",
  "Hawthorn",
  "Haxby",
  "Haxey",
  "Hay",
  "Haydock",
  "Haydon Bridge",
  "Hayes",
  "Hayfield",
  "Hayle",
  "Hayling Island",
  "Haynes",
  "Hayton",
  "Haywards Heath",
  "Hazel Grove",
  "Hazlerigg",
  "Heacham",
  "Head of Muir",
  "Headcorn",
  "Heage",
  "Healing",
  "Heanor",
  "Heath and Reach",
  "Heathfield",
  "Heaton Chapel",
  "Heavitree",
  "Hebburn",
  "Hebden Bridge",
  "Heckington",
  "Heckmondwike",
  "Heddon on the Wall",
  "Hedge End",
  "Hedon",
  "Heighington",
  "Helensburgh",
  "Hellaby",
  "Hellifield",
  "Helmsley",
  "Helpston",
  "Helsby",
  "Helston",
  "Hemel Hempstead",
  "Hemingbrough",
  "Hemingford Grey",
  "Hemsby",
  "Hemsworth",
  "Hemyock",
  "Henfield",
  "Hengoed",
  "Henley in Arden",
  "Henley-on-Thames",
  "Henllan",
  "Henlow",
  "Henstridge",
  "Hereford",
  "Herefordshire",
  "Hermitage",
  "Herne Bay",
  "Herstmonceux",
  "Hertford",
  "Hertfordshire",
  "Heswall",
  "Hethersett",
  "Hetton-Le-Hole",
  "Hexham",
  "Heysham",
  "Heywood",
  "Hibaldstow",
  "High Barnet",
  "High Bentham",
  "High Blantyre",
  "High Etherley",
  "High Halden",
  "High Halstow",
  "High Legh",
  "High Ongar",
  "High Peak",
  "High Valleyfield",
  "High Wycombe",
  "Higham Ferrers",
  "Highbridge",
  "Highclere",
  "Highland",
  "Highley",
  "Hightown",
  "Highworth",
  "Hillsborough",
  "Hillside",
  "Hilton",
  "Hinchley Wood",
  "Hinckley",
  "Hindhead",
  "Hindley",
  "Hindon",
  "Hingham",
  "Hinton",
  "Hirwaun",
  "Histon",
  "Hitchin",
  "Hockley",
  "Hockley Heath",
  "Hockliffe",
  "Hockwold cum Wilton",
  "Hoddesdon",
  "Holbeach",
  "Holbeck",
  "Holbrook",
  "Hollingworth",
  "Holloway",
  "Hollym",
  "Holmes Chapel",
  "Holmfirth",
  "Holmwood",
  "Holsworthy",
  "Holt",
  "Holtby",
  "Holton le Clay",
  "Holyhead",
  "Holytown",
  "Holywell",
  "Holywell Green",
  "Holywood",
  "Honeybourne",
  "Honiton",
  "Hoo",
  "Hook",
  "Hook",
  "Hook Norton",
  "Hoole",
  "Hope",
  "Hope Valley",
  "Hopeman",
  "Hopton on Sea",
  "Horam",
  "Horbury",
  "Horley",
  "Horncastle",
  "Hornchurch",
  "Horndon on the Hill",
  "Horning",
  "Hornsea",
  "Horrabridge",
  "Horsford",
  "Horsforth",
  "Horsham",
  "Horsmonden",
  "Horsted Keynes",
  "Horton",
  "Horton Kirby",
  "Horwich",
  "Hotham",
  "Houghton",
  "Houghton Conquest",
  "Houghton on the Hill",
  "Houghton-Le-Spring",
  "Hounslow",
  "Houston",
  "Hove",
  "Hoveton",
  "Howden",
  "Howwood",
  "Hoylake",
  "Hoyland Nether",
  "Hucknall",
  "Huddersfield",
  "Hugh Town",
  "Hulme",
  "Humberston",
  "Hundleton",
  "Hungerford",
  "Hunmanby",
  "Hunstanton",
  "Huntingdon",
  "Huntley",
  "Huntly",
  "Huntspill",
  "Hunwick",
  "Hurst",
  "Hurstpierpoint",
  "Husbands Bosworth",
  "Husborne Crawley",
  "Huyton",
  "Hyde",
  "Hyde Heath",
  "Hythe",
  "Ibstock",
  "Ilchester",
  "Ilfracombe",
  "Ilkeston",
  "Ilkley",
  "Ilminster",
  "Immingham",
  "Ince Blundell",
  "Ince-in-Makerfield",
  "Inchinnan",
  "Inchture",
  "Ingatestone",
  "Ingleby Greenhow",
  "Ingleton",
  "Ingoldmells",
  "Ingrave",
  "Inkberrow",
  "Innerleithen",
  "Insch",
  "Inverbervie",
  "Inverclyde",
  "Invergordon",
  "Invergowrie",
  "Inverkeithing",
  "Inverkip",
  "Inverness",
  "Inverurie",
  "Ipplepen",
  "Ipswich",
  "Irchester",
  "Irlam",
  "Ironbridge",
  "Irthlingborough",
  "Irvine",
  "Irvinestown",
  "Isle of Arran",
  "Isle of Bute",
  "Isle of Cumbrae",
  "Isle of Islay",
  "Isle of Lewis",
  "Isle Of Mull",
  "Isle of North Uist",
  "Isle of South Uist",
  "Isle of Wight",
  "Isleham",
  "Isleworth",
  "Islington",
  "Iver",
  "Iver Heath",
  "Ivinghoe",
  "Ivybridge",
  "Iwade",
  "Ixworth",
  "Jarrow",
  "Jedburgh",
  "Johnston",
  "Johnstone",
  "Jordanstown",
  "Keadby",
  "Keady",
  "Kearsley",
  "Kedington",
  "Keelby",
  "Keele",
  "Kegworth",
  "Keighley",
  "Keith",
  "Kelloe",
  "Kelsall",
  "Kelso",
  "Kelty",
  "Kelvedon",
  "Kelvedon Hatch",
  "Kemnay",
  "Kempsey",
  "Kempston",
  "Kempston Hardwick",
  "Kemsing",
  "Kendal",
  "Kenilworth",
  "Kennington",
  "Kennoway",
  "Kensworth",
  "Kent",
  "Kenton",
  "Keresley",
  "Kesgrave",
  "Kessingland",
  "Keswick",
  "Kettering",
  "Ketton",
  "Keyingham",
  "Keynsham",
  "Keyworth",
  "Kibworth Harcourt",
  "Kidderminster",
  "Kidlington",
  "Kidsgrove",
  "Kidwelly",
  "Kilbarchan",
  "Kilbirnie",
  "Kilburn",
  "Kilcreggan",
  "Kilgetty",
  "Kilham",
  "Kilkeel",
  "Killamarsh",
  "Killearn",
  "Killyleagh",
  "Kilmacolm",
  "Kilmarnock",
  "Kilmaurs",
  "Kilrea",
  "Kilsby",
  "Kilsyth",
  "Kilwinning",
  "Kimberley",
  "Kimbolton",
  "Kimpton",
  "Kincardine",
  "Kineton",
  "King's Clipstone",
  "King's Lynn",
  "Kinghorn",
  "Kinglassie",
  "Kings Hill",
  "Kings Langley",
  "Kings Sutton",
  "Kings Worthy",
  "Kingsbridge",
  "Kingsbury",
  "Kingsclere",
  "Kingskerswell",
  "Kingskettle",
  "Kingsland",
  "Kingsley",
  "Kingsteignton",
  "Kingston Bagpuize",
  "Kingston Seymour",
  "Kingston upon Hull",
  "Kingston upon Thames",
  "Kingswells",
  "Kingswinford",
  "Kingswood",
  "Kington",
  "Kingussie",
  "Kinloss",
  "Kinross",
  "Kintbury",
  "Kintore",
  "Kinvere",
  "Kippax",
  "Kippen",
  "Kirby Muxloe",
  "Kircubbin",
  "Kirk Sandall",
  "Kirkburton",
  "Kirkby",
  "Kirkby in Ashfield",
  "Kirkby Lonsdale",
  "Kirkby Stephen",
  "Kirkbymoorside",
  "Kirkcaldy",
  "Kirkconnel",
  "Kirkcudbright",
  "Kirkham",
  "Kirkintilloch",
  "Kirklees",
  "Kirkliston",
  "Kirknewton",
  "Kirkwall",
  "Kirriemuir",
  "Kirton",
  "Kirton in Lindsey",
  "Kislingbury",
  "Kiveton Park",
  "Knaphill",
  "Knaresborough",
  "Knebworth",
  "Knighton",
  "Knottingley",
  "Knowle",
  "Knowsley",
  "Knutsford",
  "Laceby",
  "Lacock",
  "Ladybank",
  "Lakenheath",
  "Lamberhurst",
  "Lambeth",
  "Lambourn",
  "Lamesley",
  "Lamlash",
  "Lampeter",
  "Lanark",
  "Lancashire",
  "Lancaster",
  "Lanchester",
  "Lancing",
  "Landrake",
  "Langford",
  "Langham",
  "Langho",
  "Langholm",
  "Langley Green",
  "Langley Park",
  "Langport",
  "Langtoft",
  "Larbert",
  "Largs",
  "Lark Hill",
  "Larkfield",
  "Larkhall",
  "Larne",
  "Latchingdon and Snoreham",
  "Lauder",
  "Launceston",
  "Laurencekirk",
  "Laurieston",
  "Lavendon",
  "Lavenham",
  "Law",
  "Layer de la Haye",
  "Leasingham",
  "Leatherhead",
  "Lechlade",
  "Leconfield",
  "Ledbury",
  "Ledsham",
  "Lee-on-the-Solent",
  "Leeds",
  "Leek",
  "Leek Wootton",
  "Leeswood",
  "Leicester",
  "Leicestershire",
  "Leigh",
  "Leighton Buzzard",
  "Leiston",
  "Lenham",
  "Lennoxtown",
  "Lenzie",
  "Leominster",
  "Lerwick",
  "Lesbury",
  "Leslie",
  "Lesmahagow",
  "Letchworth",
  "Letchworth Garden City",
  "Letham",
  "Letterston",
  "Leuchars",
  "Leven",
  "Leven",
  "Lewes",
  "Leyburn",
  "Leyland",
  "Leysdown-on-Sea",
  "Lhanbryde",
  "Lichfield",
  "Lidlington",
  "Lifton",
  "Lightwater",
  "Limavady",
  "Limekilns",
  "Limpley Stoke",
  "Lincoln",
  "Lincolnshire",
  "Lingdale",
  "Lingfield",
  "Lingwood",
  "Linlithgow",
  "Linthwaite",
  "Linton",
  "Linton upon Ouse",
  "Linwood",
  "Liphook",
  "Lisburn",
  "Lisburn and Castlereagh",
  "Liskeard",
  "Lisnaskea",
  "Liss",
  "Litherland",
  "Little Amwell",
  "Little Chalfont",
  "Little Clacton",
  "Little Dunmow",
  "Little Eaton",
  "Little Hallingbury",
  "Little Hulton",
  "Little Lever",
  "Little Paxton",
  "Little Weighton",
  "Littleborough",
  "Littlebourne",
  "Littlehampton",
  "Littleport",
  "Liverpool",
  "Liversedge",
  "Livingston",
  "Llanarth",
  "Llanbedr",
  "Llanberis",
  "Llanbradach",
  "Llandeilo",
  "Llandovery",
  "Llandrindod Wells",
  "Llandudno",
  "Llandybie",
  "Llandysul",
  "Llanelli",
  "Llanerchymedd",
  "Llanfair Caereinion",
  "Llanfairfechan",
  "Llanfairpwllgwyngyll",
  "Llanfyllin",
  "Llangefni",
  "Llangoed",
  "Llangollen",
  "Llangwm",
  "Llangybi",
  "Llangynidr",
  "Llanharan",
  "Llanharry",
  "Llanidloes",
  "Llanilar",
  "Llanrhaeadr-ym-Mochnant",
  "Llanrug",
  "Llanrwst",
  "Llansantffraid Glan Conwy",
  "Llansteffan",
  "Llantrisant",
  "Llantwit Fardre",
  "Llantwit Major",
  "Llwynypia",
  "Loanhead",
  "Locharbriggs",
  "Lochgelly",
  "Lochgilphead",
  "Lochmaben",
  "Lochwinnoch",
  "Lockerbie",
  "Locking",
  "Lockington",
  "Loddon",
  "Lofthouse",
  "Loftus",
  "Logan",
  "London",
  "Londonderry County Borough",
  "Long Ashton",
  "Long Bennington",
  "Long Buckby",
  "Long Clawson",
  "Long Crendon",
  "Long Eaton",
  "Long Itchington",
  "Long Lawford",
  "Long Melford",
  "Long Stratton",
  "Long Sutton",
  "Long Whatton",
  "Longdendale",
  "Longfield",
  "Longforgan",
  "Longhope",
  "Longhorsley",
  "Longhoughton",
  "Longniddry",
  "Longridge",
  "Longsight",
  "Longstanton",
  "Longton",
  "Longtown",
  "Longwick",
  "Looe",
  "Lossiemouth",
  "Lostwithiel",
  "Loughborough",
  "Louth",
  "Low Ackworth",
  "Low Bradley",
  "Low Etherley",
  "Lowdham",
  "Lower Brailes",
  "Lower Broadheath",
  "Lower Earley",
  "Lower Halstow",
  "Lower Kingswood",
  "Lowestoft",
  "Lowick",
  "Luckington",
  "Luddenden Foot",
  "Ludgershall",
  "Ludlow",
  "Lugwardine",
  "Luncarty",
  "Lund",
  "Lundin Links",
  "Luton",
  "Lutterworth",
  "Lydbrook",
  "Lydd",
  "Lydiard Millicent",
  "Lydney",
  "Lyme Regis",
  "Lyminge",
  "Lymington",
  "Lymm",
  "Lympne",
  "Lympstone",
  "Lyndhurst",
  "Lyneham",
  "Lynemouth",
  "Lynton",
  "Lytchett Matravers",
  "Lytham St Annes",
  "Mablethorpe",
  "Macclesfield",
  "Macduff",
  "Machen",
  "Machynlleth",
  "Macmerry",
  "Maddiston",
  "Madeley",
  "Maesteg",
  "Maghera",
  "Magherafelt",
  "Magheralin",
  "Maghull",
  "Magor",
  "Maiden Newton",
  "Maidenbower",
  "Maidenhead",
  "Maidstone",
  "Maldon",
  "Malmesbury",
  "Malpas",
  "Maltby",
  "Malton",
  "Manby",
  "Manchester",
  "Manea",
  "Mangotsfield",
  "Manningtree",
  "Mansfield",
  "Mansfield Woodhouse",
  "Manston",
  "Manton",
  "Maple Cross",
  "Marazion",
  "March",
  "Marcham",
  "Marchwiel",
  "Marchwood",
  "Marden",
  "Margate",
  "Market Bosworth",
  "Market Deeping",
  "Market Drayton",
  "Market Harborough",
  "Market Lavington",
  "Market Overton",
  "Market Rasen",
  "Market Warsop",
  "Market Weighton",
  "Markfield",
  "Markinch",
  "Marks Tey",
  "Markyate",
  "Marlborough",
  "Marldon",
  "Marlow",
  "Marnhull",
  "Marple",
  "Marr",
  "Marsden",
  "Marshfield",
  "Marshfield",
  "Marske-by-the-Sea",
  "Marston Moretaine",
  "Martham",
  "Martock",
  "Maryburgh",
  "Maryport",
  "Masham",
  "Matlock",
  "Mattishall",
  "Mauchline",
  "Maulden",
  "Maxwellheugh",
  "Maybole",
  "Mayfield",
  "Mayfield",
  "Mayland",
  "Measham",
  "Medway",
  "Melbourn",
  "Melbourne",
  "Meldreth",
  "Melksham",
  "Melrose",
  "Meltham",
  "Meltham Mills",
  "Melton Mowbray",
  "Menai Bridge",
  "Mendip",
  "Menston",
  "Menstrie",
  "Meopham",
  "Meppershall",
  "Mere",
  "Meriden",
  "Merriott",
  "Merthyr Tydfil",
  "Merthyr Tydfil County Borough",
  "Messingham",
  "Metheringham",
  "Methil",
  "Methley",
  "Methven",
  "Metropolitan Borough of Wirral",
  "Mevagissey",
  "Mexborough",
  "Mickle Trafford",
  "Mickleton",
  "Mid and East Antrim",
  "Mid Calder",
  "Mid Ulster",
  "Middle Rasen",
  "Middle Winterslow",
  "Middlesbrough",
  "Middlestown",
  "Middleton",
  "Middlewich",
  "Midhurst",
  "Midlothian",
  "Midsomer Norton",
  "Milborne Port",
  "Milborne St Andrew",
  "Mildenhall",
  "Milford",
  "Milford Haven",
  "Milford on Sea",
  "Millbrook",
  "Millisle",
  "Millom",
  "Millport",
  "Milltimber",
  "Milnathort",
  "Milngavie",
  "Milnrow",
  "Milnthorpe",
  "Milton Keynes",
  "Milton of Campsie",
  "Milton of Leys",
  "Milverton",
  "Minchinhampton",
  "Minehead",
  "Minety",
  "Minster Lovell",
  "Minsterley",
  "Mintlaw",
  "Mirfield",
  "Misterton",
  "Mistley",
  "Mitcham",
  "Mitcheldean",
  "Mobberley",
  "Modbury",
  "Moelfre",
  "Moffat",
  "Moira",
  "Moira",
  "Mold",
  "Mollington",
  "Moneymore",
  "Monifieth",
  "Monk Fryston",
  "Monmouth",
  "Monmouthshire",
  "Montrose",
  "Moodiesburn",
  "Moray",
  "Morchard Bishop",
  "Morcott",
  "Morden",
  "Morecambe",
  "Moreton",
  "Moreton in Marsh",
  "Moretonhampstead",
  "Morley",
  "Morpeth",
  "Moss",
  "Mossblown",
  "Mossley",
  "Mostyn",
  "Motcombe",
  "Motherwell",
  "Mouldsworth",
  "Moulton Chapel",
  "Mount Hawke",
  "Mountain Ash",
  "Mountsorrel",
  "Moy",
  "Much Hadham",
  "Much Wenlock",
  "Muir of Ord",
  "Muirhead",
  "Muirkirk",
  "Mulbarton",
  "Mullion",
  "Mundesley",
  "Mundford",
  "Murton",
  "Musselburgh",
  "Mylor Bridge",
  "Mytholmroyd",
  "Nafferton",
  "Nailsea",
  "Nailsworth",
  "Nairn",
  "Nanpean",
  "Nantwich",
  "Narberth",
  "Narborough",
  "Navenby",
  "Neath",
  "Neath Port Talbot",
  "Necton",
  "Needham Market",
  "Needingworth",
  "Nefyn",
  "Neilston",
  "Nelson",
  "Nelson",
  "Neston",
  "Nether Heyford",
  "Nether Poppleton",
  "Nether Stowey",
  "Netheravon",
  "Netherlee",
  "Netherton",
  "Netley",
  "Nettleham",
  "New Alresford",
  "New Basford",
  "New Cumnock",
  "New Ferry",
  "New Forest",
  "New Malden",
  "New Marske",
  "New Mills",
  "New Milton",
  "New Pitsligo",
  "New Quay",
  "New Romney",
  "New Stevenston",
  "New Tredegar",
  "Newark on Trent",
  "Newarthill",
  "Newbiggin-by-the-Sea",
  "Newbold Verdon",
  "Newbridge",
  "Newbridge",
  "Newburgh",
  "Newburn",
  "Newbury",
  "Newcastle",
  "Newcastle Emlyn",
  "Newcastle under Lyme",
  "Newcastle upon Tyne",
  "Newchurch",
  "Newent",
  "Newhaven",
  "Newick",
  "Newington",
  "Newmacher",
  "Newmains",
  "Newmarket",
  "Newmilns",
  "Newport",
  "Newport",
  "Newport Pagnell",
  "Newport-on-Tay",
  "Newquay",
  "Newry",
  "Newry Mourne and Down",
  "Newton Abbot",
  "Newton Aycliffe",
  "Newton Ferrers",
  "Newton Longville",
  "Newton Mearns",
  "Newton Poppleford",
  "Newton Stewart",
  "Newton-le-Willows",
  "Newtonhill",
  "Newtonmore",
  "Newtown",
  "Newtown St Boswells",
  "Newtownabbey",
  "Newtownards",
  "Newtownstewart",
  "Neyland",
  "Ninfield",
  "Niton",
  "Norfolk",
  "Normandy",
  "North Ayrshire",
  "North Baddesley",
  "North Berwick",
  "North Cave",
  "North Collingham",
  "North Duffield",
  "North East Lincolnshire",
  "North Elmham",
  "North Ferriby",
  "North Lanarkshire",
  "North Leigh",
  "North Lincolnshire",
  "North Luffenham",
  "North Newbald",
  "North Petherton",
  "North Queensferry",
  "North Shields",
  "North Somercotes",
  "North Somerset",
  "North Sunderland",
  "North Tawton",
  "North Thoresby",
  "North Walsham",
  "North Yorkshire",
  "Northallerton",
  "Northam",
  "Northampton",
  "Northamptonshire",
  "Northborough",
  "Northiam",
  "Northleach",
  "Northolt",
  "Northop",
  "Northorpe",
  "Northumberland",
  "Northwich",
  "Norton",
  "Norton Canes",
  "Norwich",
  "Nottingham",
  "Nottinghamshire",
  "Notton",
  "Nuneaton",
  "Oadby",
  "Oakengates",
  "Oakham",
  "Oakington",
  "Oakley",
  "Oakley",
  "Oban",
  "Ochiltree",
  "Odiham",
  "Ogmore Vale",
  "Okehampton",
  "Old Basing",
  "Old Harlow",
  "Old Kilpatrick",
  "Old Leake",
  "Old Windsor",
  "Oldbury",
  "Oldham",
  "Oldmeldrum",
  "Olney",
  "Olveston",
  "Omagh",
  "Orkney",
  "Orleton",
  "Ormesby St Margaret",
  "Ormiston",
  "Ormskirk",
  "Orpington",
  "Orsett",
  "Orwell",
  "Ossett",
  "Oswestry",
  "Otford",
  "Otley",
  "Otterburn",
  "Ottershaw",
  "Ottery St Mary",
  "Ottringham",
  "Oughtibridge",
  "Oundle",
  "Outwell",
  "Over",
  "Overcombe",
  "Overstrand",
  "Overton",
  "Overton",
  "Overtown",
  "Owston Ferry",
  "Oxenhope",
  "Oxford",
  "Oxfordshire",
  "Oxted",
  "Paddock Wood",
  "Padiham",
  "Padstow",
  "Paignton",
  "Painswick",
  "Paisley",
  "Pangbourne",
  "Pannal",
  "Pant",
  "Papworth Everard",
  "Par",
  "Parbold",
  "Parkstone",
  "Partington",
  "Partridge Green",
  "Pateley Bridge",
  "Patna",
  "Patrington",
  "Pattingham",
  "Paulton",
  "Peacehaven",
  "Peasedown Saint John",
  "Peaslake",
  "Peckham",
  "Peebles",
  "Pegswood",
  "Pelsall",
  "Pelton",
  "Pembroke",
  "Pembroke Dock",
  "Pembrokeshire",
  "Pembury",
  "Pen-clawdd",
  "Penally",
  "Penarth",
  "Pencader",
  "Pencaitland",
  "Pencoed",
  "Penicuik",
  "Penistone",
  "Penkridge",
  "Penmaenmawr",
  "Penparcau",
  "Penrhyndeudraeth",
  "Penrith",
  "Penryn",
  "Pensilva",
  "Pentre",
  "Pentyrch",
  "Penyffordd",
  "Penygroes",
  "Penzance",
  "Perranporth",
  "Perranwell",
  "Pershore",
  "Perth",
  "Perth and Kinross",
  "Peterborough",
  "Peterculter",
  "Peterhead",
  "Peterlee",
  "Petersfield",
  "Petworth",
  "Pevensey",
  "Pevensey Bay",
  "Pewsey",
  "Pickering",
  "Pilning",
  "Pilsley",
  "Pimperne",
  "Pinchbeck",
  "Pinner",
  "Pinxton",
  "Pirton",
  "Pitlochry",
  "Pitmedden",
  "Pitsea",
  "Pitstone",
  "Pittenweem",
  "Plains",
  "Plean",
  "Plumpton Green",
  "Plymouth",
  "Plympton",
  "Plymstock",
  "Pocklington",
  "Podington",
  "Polbeth",
  "Polesworth",
  "Pollington",
  "Polmont",
  "Polperro",
  "Polzeath",
  "Pont Rhyd-y-cyff",
  "Pontarddulais",
  "Pontefract",
  "Ponteland",
  "Pontesbury",
  "Pontlliw",
  "Pontyates",
  "Pontyberem",
  "Pontyclun",
  "Pontycymer",
  "Pontypool",
  "Pontypridd",
  "Pool",
  "Poole",
  "Poringland",
  "Porlock",
  "Port Bannatyne",
  "Port Erroll",
  "Port Glasgow",
  "Port Talbot",
  "Portadown",
  "Portaferry",
  "Portavogie",
  "Portglenone",
  "Porthcawl",
  "Porthleven",
  "Porthmadog",
  "Portishead",
  "Portknockie",
  "Portland",
  "Portlethen",
  "Portree",
  "Portrush",
  "Portscatho",
  "Portslade",
  "Portsmouth",
  "Portsmouth",
  "Portsoy",
  "Portstewart",
  "Potterne",
  "Potters Bar",
  "Potterspury",
  "Potton",
  "Poulton-le-Fylde",
  "Poynton",
  "Prees",
  "Preesall",
  "Prenton",
  "Prescot",
  "Prestatyn",
  "Prestbury",
  "Presteigne",
  "Preston",
  "Prestonpans",
  "Prestwich",
  "Prestwick",
  "Price Town",
  "Princes Risborough",
  "Princetown",
  "Priston",
  "Probus",
  "Prudhoe",
  "Publow",
  "Puckeridge",
  "Pucklechurch",
  "Puddletown",
  "Pudsey",
  "Pulborough",
  "Pulloxhill",
  "Purfleet",
  "Puriton",
  "Purley",
  "Purton",
  "Pwllheli",
  "Pyle",
  "Queenborough",
  "Queensbury",
  "Queensferry",
  "Queniborough",
  "Quorndon",
  "Rackheath",
  "Radcliffe",
  "Radcliffe on Trent",
  "Radlett",
  "Radley",
  "Radstock",
  "Radyr",
  "Raglan",
  "Rainford",
  "Rainham",
  "Rainworth",
  "Ramsbottom",
  "Ramsbury",
  "Ramsey",
  "Ramsgate",
  "Randalstown",
  "Ranskill",
  "Rastrick",
  "Ratby",
  "Rathfriland",
  "Ratho",
  "Ratho Station",
  "Raunds",
  "Ravenshead",
  "Ravenstone",
  "Rawcliffe",
  "Rawmarsh",
  "Rawtenstall",
  "Rayleigh",
  "Rayne",
  "Reading",
  "Redbourn",
  "Redbourne",
  "Redcar",
  "Redcar and Cleveland",
  "Redding",
  "Reddingmuirhead",
  "Redditch",
  "Redhill",
  "Redlynch",
  "Redruth",
  "Reedham",
  "Reepham",
  "Reigate",
  "Rendlesham",
  "Renfrew",
  "Renfrewshire",
  "Renton",
  "Repton",
  "Resolven",
  "Retford",
  "Rhayader",
  "Rhondda",
  "Rhondda Cynon Taf",
  "Rhoose",
  "Rhosllanerchrugog",
  "Rhosneigr",
  "Rhu",
  "Rhuddlan",
  "Rhyl",
  "Rhymney",
  "Riccall",
  "Richmond",
  "Rickinghall",
  "Rickmansworth",
  "Ridgmont",
  "Rillington",
  "Ringmer",
  "Ringstead",
  "Ringwood",
  "Ripley",
  "Ripon",
  "Ripponden",
  "Risca",
  "Riseley",
  "Rishton",
  "Roade",
  "Robertsbridge",
  "Rochdale",
  "Roche",
  "Rochester",
  "Rochford",
  "Rock",
  "Rode",
  "Rode Heath",
  "Rogiet",
  "Romford",
  "Romney Marsh",
  "Romsey",
  "Romsley",
  "Roos",
  "Rosehearty",
  "Rosewell",
  "Roslin",
  "Rosneath",
  "Ross on Wye",
  "Rossendale",
  "Rossett",
  "Rostrevor",
  "Rosyth",
  "Rothbury",
  "Rotherfield Peppard",
  "Rotherham",
  "Rothes",
  "Rothesay",
  "Rothienorman",
  "Rothley",
  "Rothwell",
  "Rottingdean",
  "Rowde",
  "Rowhedge",
  "Rowlands Gill",
  "Rowley Regis",
  "Roxton",
  "Royal Borough of Windsor and Maidenhead",
  "Royal Leamington Spa",
  "Royal Tunbridge Wells",
  "Royal Wootton Bassett",
  "Roydon",
  "Royston",
  "Royton",
  "Ruabon",
  "Ruardean",
  "Ruddington",
  "Rudgwick",
  "Rufford",
  "Rugby",
  "Rugeley",
  "Ruislip",
  "Runcorn",
  "Rushden",
  "Rushmoor",
  "Ruskington",
  "Rusthall",
  "Rustington",
  "Rutherglen",
  "Ruthin",
  "Ruyton-XI-Towns",
  "Ryde",
  "Rye",
  "Ryhall",
  "Ryhill",
  "Ryhope",
  "Ryton",
  "Ryton on Dunsmore",
  "Sabden",
  "Sacriston",
  "Saffron Walden",
  "Saint Agnes",
  "Saint Andrews",
  "Saint Asaph",
  "Saint Bees",
  "Saint Boswells",
  "Saint Clears",
  "Saint Columb Major",
  "Saint Cyrus",
  "Saint Davids",
  "Saint Dennis",
  "Saint Leonards-on-Sea",
  "Saint Monans",
  "Saint Neots",
  "Saint Osyth",
  "Saint Peters",
  "Saint Stephen",
  "Saintfield",
  "Salcombe",
  "Sale",
  "Salford",
  "Salfords",
  "Saline",
  "Salisbury",
  "Salsburgh",
  "Saltash",
  "Saltburn-by-the-Sea",
  "Saltcoats",
  "Saltford",
  "Sampford Peverell",
  "Sandbach",
  "Sandbank",
  "Sandford",
  "Sandown",
  "Sandwell",
  "Sandwich",
  "Sandwick",
  "Sandy",
  "Sanquhar",
  "Sapcote",
  "Saughall",
  "Saundersfoot",
  "Sawbridgeworth",
  "Sawston",
  "Sawtry",
  "Saxilby",
  "Saxmundham",
  "Scalby",
  "Scalloway",
  "Scarborough",
  "Scarcroft",
  "Scawby",
  "Scholes",
  "Scole",
  "Scone",
  "Scorton",
  "Scotby",
  "Scotter",
  "Scunthorpe",
  "Seafield",
  "Seaford",
  "Seaham",
  "Seahouses",
  "Seascale",
  "Seaton",
  "Seaton Delaval",
  "Seaview",
  "Sedbergh",
  "Sedgefield",
  "Seend",
  "Seer Green",
  "Sefton",
  "Seghill",
  "Selby",
  "Selkirk",
  "Selsey",
  "Send",
  "Settle",
  "Seven Sisters",
  "Sevenoaks",
  "Severn Beach",
  "Shadoxhurst",
  "Shadwell",
  "Shaftesbury",
  "Shalbourne",
  "Shalfleet",
  "Shanklin",
  "Shap",
  "Sharlston",
  "Sharnbrook",
  "Sharpness",
  "Shaw",
  "Shawbury",
  "Sheerness",
  "Sheffield",
  "Shefford",
  "Shelley",
  "Shenley",
  "Shenstone",
  "Shepherdswell",
  "Shepley",
  "Shepperton",
  "Shepshed",
  "Shepton Mallet",
  "Sherborne",
  "Sherborne St John",
  "Sherburn",
  "Sherburn Hill",
  "Sherburn in Elmet",
  "Sheriff Hutton",
  "Sheringham",
  "Sherington",
  "Sherston",
  "Shetland Islands",
  "Shevington",
  "Shieldhill",
  "Shifnal",
  "Shilbottle",
  "Shildon",
  "Shillingstone",
  "Shillington",
  "Shipdham",
  "Shipham",
  "Shipley",
  "Shipston on Stour",
  "Shipton under Wychwood",
  "Shirebrook",
  "Shiremoor",
  "Shirland",
  "Shirley",
  "Shoreham-by-Sea",
  "Shortlands",
  "Shotley Gate",
  "Shotts",
  "Shrewsbury",
  "Shrewton",
  "Shrivenham",
  "Shropshire",
  "Shurdington",
  "Sible Hedingham",
  "Sibsey",
  "Sidcup",
  "Sidmouth",
  "Sileby",
  "Silkstone",
  "Silloth",
  "Silsden",
  "Silsoe",
  "Silver End",
  "Silverdale",
  "Silverstone",
  "Silverton",
  "Sinfin",
  "Sion Mills",
  "Sir Powys",
  "Sissinghurst",
  "Sittingbourne",
  "Skegness",
  "Skellingthorpe",
  "Skelmersdale",
  "Skelmorlie",
  "Skelton",
  "Skidby",
  "Skinningrove",
  "Skipsea",
  "Skipton",
  "Slaley",
  "Slamannan",
  "Sleaford",
  "Sleights",
  "Slinfold",
  "Slough",
  "Smethwick",
  "Smithton",
  "Snaith",
  "Snettisham",
  "Snodland",
  "Soham",
  "Solihull",
  "Somerset",
  "Somersham",
  "Somerton",
  "Sonning Common",
  "South Ayrshire",
  "South Benfleet",
  "South Brent",
  "South Cave",
  "South Cerney",
  "South Chailey",
  "South Collingham",
  "South Croydon",
  "South Elmsall",
  "South Gloucestershire",
  "South Harting",
  "South Hayling",
  "South Hetton",
  "South Lanarkshire",
  "South Littleton",
  "South Luffenham",
  "South Milford",
  "South Molton",
  "South Nutfield",
  "South Ockendon",
  "South Petherton",
  "South Shields",
  "South Tyneside",
  "South Wingfield",
  "South Witham",
  "Southall",
  "Southam",
  "Southampton",
  "Southampton",
  "Southchurch Village",
  "Southend-on-Sea",
  "Southery",
  "Southgate",
  "Southminster",
  "Southowram",
  "Southport",
  "Southsea",
  "Southwater",
  "Southwell",
  "Southwick",
  "Southwold",
  "Sowerby Bridge",
  "Spalding",
  "Speldhurst",
  "Spennymoor",
  "Spilsby",
  "Spittal",
  "Spixworth",
  "Spofforth",
  "Spratton",
  "Springside",
  "Sproatley",
  "St Albans",
  "St Austell",
  "St Helens",
  "St Ives",
  "St Just",
  "St Leonards",
  "St Mary's Bay",
  "St Mary's Isles of Scilly",
  "St. Day",
  "St. Helens",
  "Stafford",
  "Staffordshire",
  "Stagsden",
  "Stainburn",
  "Staindrop",
  "Staines",
  "Stainforth",
  "Stakeford",
  "Stalbridge",
  "Stalham",
  "Stallingborough",
  "Stalybridge",
  "Stamford",
  "Stamford Bridge",
  "Stanbridge",
  "Standlake",
  "Standon",
  "Stanford in the Vale",
  "Stanford-le-Hope",
  "Stanhope",
  "Stanley",
  "Stanley",
  "Stanmore",
  "Stannington",
  "Stansted Mountfitchet",
  "Stanwick",
  "Staplehurst",
  "Starcross",
  "Startforth",
  "Staveley",
  "Steeple Bumpstead",
  "Steeple Claydon",
  "Steeton",
  "Stenhousemuir",
  "Stepps",
  "Stevenage",
  "Stevenston",
  "Steventon",
  "Stevington",
  "Stewartby",
  "Stewarton",
  "Stewkley",
  "Steyning",
  "Steynton",
  "Stickney",
  "Stillington",
  "Stilton",
  "Stirling",
  "Stithians",
  "Stock",
  "Stockport",
  "Stocksbridge",
  "Stocksfield",
  "Stockton",
  "Stockton Heath",
  "Stockton-on-Tees",
  "Stoke Ferry",
  "Stoke Gabriel",
  "Stoke Gifford",
  "Stoke Golding",
  "Stoke Goldington",
  "Stoke Poges",
  "Stoke Prior",
  "Stoke-on-Trent",
  "Stoke-sub-Hamdon",
  "Stokenchurch",
  "Stokesley",
  "Stone",
  "Stonehaven",
  "Stonehouse",
  "Stonehouse",
  "Stonesfield",
  "Stoney Stanton",
  "Stoneyburn",
  "Stornoway",
  "Storrington",
  "Stotfold",
  "Stourbridge",
  "Stourport-on-Severn",
  "Stow on the Wold",
  "Stowmarket",
  "Strabane",
  "Stradbroke",
  "Stranraer",
  "Stratfield Mortimer",
  "Stratford-upon-Avon",
  "Strathaven",
  "Strathblane",
  "Strathpeffer",
  "Stratton",
  "Streatley",
  "Street",
  "Streetly",
  "Strensall",
  "Stretford",
  "Stretham",
  "Stromness",
  "Strood",
  "Stroud",
  "Studley",
  "Sturminster Marshall",
  "Sturminster Newton",
  "Sturry",
  "Sudbrooke",
  "Sudbury",
  "Suffolk",
  "Sunbury-on-Thames",
  "Sunderland",
  "Sundridge",
  "Surbiton",
  "Surrey",
  "Sutterton",
  "Sutton",
  "Sutton Benger",
  "Sutton Bonington",
  "Sutton Bridge",
  "Sutton Coldfield",
  "Sutton Courtenay",
  "Sutton in Ashfield",
  "Sutton on Trent",
  "Sutton upon Derwent",
  "Swadlincote",
  "Swaffham",
  "Swanage",
  "Swanley",
  "Swanmore",
  "Swanscombe",
  "Swansea",
  "Swarthmoor",
  "Swavesey",
  "Sway",
  "Swillington",
  "Swindon",
  "Swineshead",
  "Swinton",
  "Symington",
  "Syston",
  "Sywell",
  "Tadcaster",
  "Tadley",
  "Tadworth",
  "Taibach",
  "Tain",
  "Takeley",
  "Tal-y-bont",
  "Talgarth",
  "Talysarn",
  "Tamworth",
  "Tandragee",
  "Tanfield",
  "Tangmere",
  "Tankerton",
  "Tansley",
  "Tarbert",
  "Tarbolton",
  "Tarleton",
  "Tarporley",
  "Tarvin",
  "Tattenhall",
  "Taunton",
  "Tavistock",
  "Tayport",
  "Teddington",
  "Teignmouth",
  "Telford",
  "Telford and Wrekin",
  "Templecombe",
  "Templepatrick",
  "Templeton",
  "Tempsford",
  "Tenbury Wells",
  "Tenby",
  "Tenterden",
  "Terrington Saint John",
  "Terrington St Clement",
  "Test Valley",
  "Tetbury",
  "Tetney",
  "Tewkesbury",
  "Teynham",
  "Thame",
  "Thames Ditton",
  "Thatcham",
  "Thaxted",
  "The Boldons",
  "The Scottish Borders",
  "Theale",
  "Thetford",
  "Theydon Bois",
  "Thirsk",
  "Thornaby-on-Tees",
  "Thornbury",
  "Thorne",
  "Thorner",
  "Thorney",
  "Thorngumbald",
  "Thornhill",
  "Thornley",
  "Thornliebank",
  "Thornton",
  "Thornton Dale",
  "Thornton Heath",
  "Thornton-Cleveleys",
  "Thorp Arch",
  "Thorpe Hamlet",
  "Thorpe le Soken",
  "Thrapston",
  "Three Crosses",
  "Three Legged Cross",
  "Thurlby",
  "Thurlton",
  "Thurso",
  "Thurston",
  "Tibshelf",
  "Ticehurst",
  "Tickhill",
  "Tickton",
  "Tideswell",
  "Tidworth",
  "Tilbury",
  "Tillicoultry",
  "Timperley",
  "Timsbury",
  "Tingewick",
  "Tintagel",
  "Tintern",
  "Tipton",
  "Tiptree",
  "Tisbury",
  "Tiverton",
  "Tobermory",
  "Toddington",
  "Todmorden",
  "Todwick",
  "Tollesbury",
  "Tolleshunt Knights",
  "Tonbridge",
  "Tonypandy",
  "Tonyrefail",
  "Topsham",
  "Torfaen County Borough",
  "Torphins",
  "Torpoint",
  "Torquay",
  "Torrance",
  "Totnes",
  "Totternhoe",
  "Tottington",
  "Totton",
  "Tow Law",
  "Towcester",
  "Town Row",
  "Townhill",
  "Trafford",
  "Trafford Park",
  "Tranent",
  "Trawsfynydd",
  "Tredegar",
  "Treeton",
  "Trefnant",
  "Tregaron",
  "Tregarth",
  "Treharris",
  "Treorchy",
  "Treuddyn",
  "Trimdon",
  "Trimdon Grange",
  "Trimsaran",
  "Tring",
  "Troon",
  "Trowbridge",
  "Truro",
  "Tullibody",
  "Tumble",
  "Tunstall",
  "Turriff",
  "Tuxford",
  "Twechar",
  "Tweedbank",
  "Twyford",
  "Tycroes",
  "Tyldesley",
  "Tynemouth",
  "Tytherington",
  "Tywyn",
  "Uckfield",
  "Uddingston",
  "Uffculme",
  "Ulceby",
  "Ullapool",
  "Ulrome",
  "Ulverston",
  "Undy",
  "Uny Lelant",
  "Upchurch",
  "Upminster",
  "Upper Basildon",
  "Upper Langwith",
  "Upper Poppleton",
  "Uppingham",
  "Upton",
  "Upton Scudamore",
  "Upton upon Severn",
  "Upwell",
  "Urmston",
  "Ushaw Moor",
  "Usk",
  "Uttoxeter",
  "Vale of Glamorgan",
  "Vale of Leven",
  "Valley",
  "Ventnor",
  "Verwood",
  "Victoria",
  "Viewpark",
  "Virginia Water",
  "Waddesdon",
  "Waddington",
  "Wadebridge",
  "Wadhurst",
  "Wadworth",
  "Wainfleet All Saints",
  "Wakefield",
  "Walberton",
  "Wales",
  "Walkden",
  "Walkern",
  "Walkington",
  "Wallasey",
  "Wallingford",
  "Wallsend",
  "Walsall",
  "Walsden",
  "Waltham",
  "Waltham Abbey",
  "Waltham Cross",
  "Walton",
  "Walton-on-Thames",
  "Walton-on-the-Naze",
  "Wanborough",
  "Wansford",
  "Wantage",
  "Warboys",
  "Wardle",
  "Ware",
  "Wareham",
  "Wargrave",
  "Waringstown",
  "Warkworth",
  "Warlingham",
  "Warminster",
  "Warnham",
  "Warrenpoint",
  "Warrington",
  "Warsop",
  "Warton",
  "Warwick",
  "Warwickshire",
  "Washingborough",
  "Washington",
  "Washwood Heath",
  "Watchet",
  "Water Eaton",
  "Water Orton",
  "Waterbeach",
  "Waterfoot",
  "Wateringbury",
  "Waterloo",
  "Waterlooville",
  "Watford",
  "Wath upon Dearne",
  "Watlington",
  "Wattisham",
  "Watton",
  "Watton at Stone",
  "Weaverham",
  "Wedmore",
  "Wednesbury",
  "Wednesfield",
  "Weedon Beck",
  "Weeting",
  "Welford",
  "Wellesbourne",
  "Wellesbourne Mountford",
  "Welling",
  "Wellingborough",
  "Wellington",
  "Wellow",
  "Wells",
  "Wells-next-the-Sea",
  "Welshpool",
  "Welwyn",
  "Welwyn Garden City",
  "Wem",
  "Wembley",
  "Wembury",
  "Wemyss Bay",
  "Wendover",
  "Wentworth",
  "Wenvoe",
  "Weobley",
  "West Bergholt",
  "West Berkshire",
  "West Bridgford",
  "West Bromwich",
  "West Byfleet",
  "West Calder",
  "West Clandon",
  "West Coker",
  "West Cornforth",
  "West Drayton",
  "West Dunbartonshire",
  "West End",
  "West End of London",
  "West Haddon",
  "West Hallam",
  "West Horsley",
  "West Ilsley",
  "West Kilbride",
  "West Kingsdown",
  "West Kirby",
  "West Linton",
  "West Lothian",
  "West Malling",
  "West Mersea",
  "West Molesey",
  "West Rainton",
  "West Sussex",
  "West Thurrock",
  "West Walton",
  "West Wellow",
  "West Wickham",
  "Westbury",
  "Westcliff-on-Sea",
  "Westcott",
  "Westergate",
  "Westerham",
  "Westfield",
  "Westgate on Sea",
  "Westhill",
  "Westhoughton",
  "Weston",
  "Weston Turville",
  "Weston-super-Mare",
  "Westoning",
  "Westonzoyland",
  "Westquarter",
  "Westwood",
  "Wetheral",
  "Wetherby",
  "Wetwang",
  "Weybridge",
  "Weymouth",
  "Whaley Bridge",
  "Whalley",
  "Whaplode",
  "Wheathampstead",
  "Wheatley",
  "Wheaton Aston",
  "Wheldrake",
  "Whickham",
  "Whimple",
  "Whitburn",
  "Whitburn",
  "Whitby",
  "Whitchurch",
  "White Waltham",
  "Whitecraig",
  "Whitefield",
  "Whitehaven",
  "Whitehead",
  "Whitehills",
  "Whiteparish",
  "Whitland",
  "Whitley",
  "Whitley Bay",
  "Whitstable",
  "Whittingham",
  "Whittington",
  "Whittlesey",
  "Whittlesford",
  "Whitwell",
  "Whitworth",
  "Whyteleafe",
  "Wick",
  "Wick",
  "Wick",
  "Wickford",
  "Wickham",
  "Wickham Bishops",
  "Wickham Market",
  "Wickwar",
  "Wideopen",
  "Widnes",
  "Wigan",
  "Wigmore",
  "Wigston Magna",
  "Wigton",
  "Wilberfoss",
  "Wilburton",
  "Willand",
  "Willaston",
  "Willenhall",
  "Willingham",
  "Willington",
  "Williton",
  "Wilmcote",
  "Wilmslow",
  "Wilsden",
  "Wilstead",
  "Wilton",
  "Wiltshire",
  "Wimblington",
  "Wimborne Minster",
  "Wincanton",
  "Winchburgh",
  "Winchcombe",
  "Winchelsea Beach",
  "Winchester",
  "Windermere",
  "Windlesham",
  "Windsor",
  "Windygates",
  "Winford",
  "Wing",
  "Wingate",
  "Wingerworth",
  "Wingham",
  "Wingrave",
  "Winkleigh",
  "Winscombe",
  "Winsford",
  "Winslow",
  "Winterbourne",
  "Winterton",
  "Winwick",
  "Wirksworth",
  "Wisbech",
  "Wishaw",
  "Witchford",
  "Witham",
  "Witheridge",
  "Withernsea",
  "Witley",
  "Witney",
  "Wittering",
  "Witton Gilbert",
  "Wiveliscombe",
  "Wivelsfield Green",
  "Wivenhoe",
  "Woburn",
  "Woburn Sands",
  "Woking",
  "Wokingham",
  "Wold Newton",
  "Woldingham",
  "Wollaston",
  "Wolsingham",
  "Wolston",
  "Wolvercote",
  "Wolverhampton",
  "Wombourn",
  "Wombwell",
  "Wood Street Village",
  "Woodborough",
  "Woodbridge",
  "Woodbury",
  "Woodchurch",
  "Woodcote",
  "Woodford",
  "Woodford Green",
  "Woodhall Spa",
  "Woodsetts",
  "Woodstock",
  "Wool",
  "Woolavington",
  "Wooler",
  "Woolley",
  "Woolpit",
  "Wootton",
  "Worcester",
  "Worcester Park",
  "Worcestershire",
  "Workington",
  "Worksop",
  "Worlaby",
  "Wormley",
  "Worthing",
  "Worton",
  "Wotton-under-Edge",
  "Wouldham",
  "Wragby",
  "Wrawby",
  "Wrea Green",
  "Wrexham",
  "Wrington",
  "Writtle",
  "Wrotham",
  "Wroughton",
  "Wroxall",
  "Wychbold",
  "Wye",
  "Wylam",
  "Wymeswold",
  "Y Felinheli",
  "Yalding",
  "Yapton",
  "Yarm",
  "Yarmouth",
  "Yarnton",
  "Yate",
  "Yateley",
  "Yatton",
  "Yaxley",
  "Yeadon",
  "Yealmpton",
  "Yelverton",
  "Yeovil",
  "Yetminster",
  "Ynysybwl",
  "York",
  "Youlgreave",
  "Yoxall",
  "Ystalyfera"
]