[
  "Beyla",
  "Beyla Prefecture",
  "Boffa",
  "Boké",
  "Boke Prefecture",
  "Camayenne",
  "Conakry",
  "Coyah",
  "Dalaba",
  "Dubréka",
  "Forécariah",
  "Fria",
  "Gaoual",
  "Gaoual Prefecture",
  "Gueckedou",
  "Kankan",
  "Kankan Prefecture",
  "Kérouané",
  "Kerouane Prefecture",
  "Kimbo",
  "Kindia",
  "Koubia",
  "Koundara",
  "Koundara Prefecture",
  "Kouroussa",
  "Labé",
  "Labe Prefecture",
  "Lélouma",
  "Lelouma Prefecture",
  "Lola",
  "Macenta",
  "Mali",
  "Mali Prefecture",
  "Mamou",
  "Mamou Prefecture",
  "Mandiana",
  "Mandiana Prefecture",
  "Nzérékoré",
  "Nzerekore Prefecture",
  "Pita",
  "Préfecture de Dubréka",
  "Préfecture de Forécariah",
  "Préfecture de Guékédou",
  "Sanguéya",
  "Siguiri",
  "Siguiri Prefecture",
  "Télimélé",
  "Telimele Prefecture",
  "Tokonou",
  "Tondon",
  "Tougué",
  "Tougue Prefecture",
  "Yomou",
  "Youkounkoun"
]