[
  "Ấp Tân Ngãi",
  "Ba Đình",
  "Ba Vì",
  "Bắc Giang",
  "Bắc Kạn",
  "Bạc Liêu",
  "Bắc Ninh",
  "Bắc Từ Liêm",
  "Bảo Lộc",
  "Bến Tre",
  "Biên Hòa",
  "Bỉm Sơn",
  "Bình Long",
  "Buôn Ma Thuột",
  "Cà Mau",
  "Cẩm Phả",
  "Cẩm Phả Mines",
  "Cam Ranh",
  "Cần Giờ",
  "Cần Giuộc",
  "Cần Thơ",
  "Cao Bằng",
  "Cao Lãnh",
  "Cát Bà",
  "Cầu Giấy",
  "Cho Dok",
  "Chương Mỹ",
  "Cờ Đỏ",
  "Côn Sơn",
  "Củ Chi",
  "Cung Kiệm",
  "Da Nang",
  "Dĩ An",
  "Dien Bien Phu",
  "Don Luan",
  "Dương Đông",
  "Đam Rong",
  "Đan Phượng",
  "Đinh Văn",
  "Đông Anh",
  "Đống Đa",
  "Đưc Trọng",
  "Ðà Lạt",
  "Ðông Hà",
  "Gia Lâm",
  "Hà Đông",
  "Hà Giang",
  "Hạ Long",
  "Hà Tiên",
  "Hà Tĩnh",
  "Hai Bà Trưng",
  "Hải Dương",
  "Haiphong",
  "Ho Chi Minh City",
  "Hòa Bình",
  "Hoài Đức",
  "Hoàn Kiếm",
  "Hoàng Mai",
  "Hội An",
  "Huế",
  "Hưng Yên",
  "Huyện A Lưới",
  "Huyện An Biên",
  "Huyện An Lão",
  "Huyện An Minh",
  "Huyện An Phú",
  "Huyện Ân Thi",
  "Huyện Anh Sơn",
  "Huyện Ba Bể",
  "Huyện Ba Chẽ",
  "Huyện Bá Thước",
  "Huyện Ba Tơ",
  "Huyện Ba Tri",
  "Huyện Bắc Bình",
  "Huyện Bắc Hà",
  "Huyện Bắc Mê",
  "Huyện Bắc Quang",
  "Huyện Bắc Sơn",
  "Huyện Bắc Yên",
  "Huyện Bạch Thông",
  "Huyện Bảo Lac",
  "Huyện Bảo Lâm",
  "Huyện Bảo Lâm",
  "Huyện Bảo Yên",
  "Huyện Bát Xát",
  "Huyện Bến Cầu",
  "Huyện Bến Lức",
  "Huyện Bình Đại",
  "Huyện Bình Gia",
  "Huyện Bình Giang",
  "Huyện Bình Liêu",
  "Huyện Bình Lục",
  "Huyện Bình Sơn",
  "Huyện Bình Xuyên",
  "Huyện Bù Đốp",
  "Huyện Buôn Đôn",
  "Huyện Cái Bè",
  "Huyện Cai Lậy",
  "Huyện Cái Nước",
  "Huyện Cẩm Giàng",
  "Huyện Cẩm Khê",
  "Huyện Cam Lộ",
  "Huyện Cẩm Thủy",
  "Huyện Cẩm Xuyên",
  "Huyện Cần Đước",
  "Huyện Cần Giuộc",
  "Huyện Can Lộc",
  "Huyện Càng Long",
  "Huyện Cao Lộc",
  "Huyện Cao Phong",
  "Huyện Cầu Kè",
  "Huyện Cầu Ngang",
  "Huyện Châu Đức",
  "Huyện Châu Phú",
  "Huyện Châu Thành",
  "Huyện Châu Thành",
  "Huyện Châu Thành",
  "Huyện Châu Thành",
  "Huyện Châu Thành A",
  "Huyện Chi Lăng",
  "Huyện Chiêm Hóa",
  "Huyện Chợ Đồn",
  "Huyện Chợ Gạo",
  "Huyện Chợ Lách",
  "Huyện Chợ Mới",
  "Huyện Chơn Thành",
  "Huyện Chư Păh",
  "Huyện Chư Prông",
  "Huyện Chư Sê",
  "Huyện Cô Tô",
  "Huyện Con Cuông",
  "Huyện Cư Jút",
  "Huyện Diễn Châu",
  "Huyện Diên Khánh",
  "Huyện Dương Minh Châu",
  "Huyện Duy Tiên",
  "Huyện Duy Xuyên",
  "Huyện Đạ Huoai",
  "Huyện Đa Krông",
  "Huyện Đạ Tẻh",
  "Huyện Đại Lộc",
  "Huyện Đắk Glei",
  "Huyện Đắk Hà",
  "Huyện Đắk R’Lấp",
  "Huyện Đắk Tô",
  "Huyện Đầm Dơi",
  "Huyện Đầm Hà",
  "Huyện Đất Đỏ",
  "Huyện Điện Bàn",
  "Huyện Điện Biên Đông",
  "Huyện Đình Lập",
  "Huyện Định Quán",
  "Huyện Đô Lương",
  "Huyện Đoan Hùng",
  "Huyện Đơn Dương",
  "Huyện Đồng Phú",
  "Huyện Đông Sơn",
  "Huyện Đông Triều",
  "Huyện Đồng Văn",
  "Huyện Đức Cơ",
  "Huyện Đức Hòa",
  "Huyện Đức Huệ",
  "Huyện Đức Phổ",
  "Huyện Đức Trọng",
  "Huyện Ðông Hưng",
  "Huyện Ðức Thọ",
  "Huyện Ea H'Leo",
  "Huyện Ea Súp",
  "Huyện Gia Bình",
  "Huyện Gia Lộc",
  "Huyện Giá Rai",
  "Huyện Giao Thủy",
  "Huyện Gio Linh",
  "Huyện Giồng Riềng",
  "Huyện Giồng Trôm",
  "Huyện Gò Công Đông",
  "Huyện Gò Công Tây",
  "Huyện Gò Dầu",
  "Huyện Gò Quao",
  "Huyện Hạ Hòa",
  "Huyện Hạ Lang",
  "Huyện Hà Quảng",
  "Huyện Hà Trung",
  "Huyện Hải Hà",
  "Huyện Hải Hậu",
  "Huyện Hải Lăng",
  "Huyện Hàm Tân",
  "Huyện Hàm Thuận Bắc",
  "Huyện Hàm Thuận Nam",
  "Huyện Hàm Yên",
  "Huyện Hậu Lộc",
  "Huyện Hiệp Đức",
  "Huyện Hoa Lư",
  "Huyện Hòa Thành",
  "Huyện Hoài Nhơn",
  "Huyện Hoành Bồ",
  "Huyện Hòn Đất",
  "Huyện Hớn Quản",
  "Huyện Hồng Dân",
  "Huyện Hưng Hà",
  "Huyện Hưng Nguyên",
  "Huyện Hướng Hóa",
  "Huyện Hũu Lũng",
  "Huyện Ia Grai",
  "Huyện Ia H'Drai",
  "Huyện KBang",
  "Huyện Kế Sách",
  "Huyện Khánh Sơn",
  "Huyện Khánh Vĩnh",
  "Huyện Khoái Châu",
  "Huyện Kiên Hải",
  "Huyện Kiến Xương",
  "Huyện Kim Bảng",
  "Huyện Kim Động",
  "Huyện Kim Sơn",
  "Huyện Kinh Môn",
  "Huyện Kon Plông",
  "Huyện Kông Chro",
  "Huyện Krông Nô",
  "Huyện Krông Pa",
  "Huyện Kỳ Anh",
  "Huyện Kỳ Sơn",
  "Huyện Kỳ Sơn",
  "Huyện Lạc Thủy",
  "Huyện Lai Vung",
  "Huyện Lâm Bình",
  "Huyện Lâm Hà",
  "Huyen Lam Thao",
  "Huyện Lang Chánh",
  "Huyện Lấp Vò",
  "Huyện Lệ Thủy",
  "Huyện Long Hồ",
  "Huyện Long Phú",
  "Huyện Long Thành",
  "Huyện Lục Nam",
  "Huyện Lục Ngạn",
  "Huyện Lục Yên",
  "Huyện Lương Sơn",
  "Huyện Lý Nhân",
  "Huyện Lý Sơn",
  "Huyện Mai Sơn",
  "Huyện Mang Thít",
  "Huyện Mang Yang",
  "Huyện Minh Long",
  "Huyện Mộ Đức",
  "Huyện Mộc Châu",
  "Huyện Mộc Hóa",
  "Huyện Mù Cang Chải",
  "Huyện Mường Khương",
  "Huyện Mường La",
  "Huyện Mường Lát",
  "Huyện Mường Nhé",
  "Huyện Mưòng Tè",
  "Huyện Mỹ Hào",
  "Huyện Mỹ Lộc",
  "Huyện Mỹ Tú",
  "Huyện Mỹ Xuyên",
  "Huyện Na Hang",
  "Huyện Na Rì",
  "Huyen Nam Can",
  "Huyện Nam Đàn",
  "Huyện Nam Đông",
  "Huyện Nam Giang",
  "Huyện Nam Sách",
  "Huyện Nam Trực",
  "Huyen Nga Nam",
  "Huyện Nga Sơn",
  "Huyện Ngân Sơn",
  "Huyện Nghi Lộc",
  "Huyện Nghi Xuân",
  "Huyện Nghĩa Đàn",
  "Huyện Nghĩa Hành",
  "Huyện Nghĩa Hưng",
  "Huyện Ngọc Hồi",
  "Huyện Ngọc Lặc",
  "Huyện Nguyên Bình",
  "Huyện Nho Quan",
  "Huyện Như Thanh",
  "Huyện Như Xuân",
  "Huyện Nông Cống",
  "Huyện Núi Thành",
  "Huyện Phong Điền",
  "Huyện Phù Cừ",
  "Huyện Phú Lộc",
  "Huyện Phù Mỹ",
  "Huyện Phú Quốc",
  "Huyện Phú Tân",
  "Huyện Phú Vang",
  "Huyện Phù Yên",
  "Huyen Phuc Hoa",
  "Huyện Phước Sơn",
  "Huyện Quan Hóa",
  "Huyện Quan Sơn",
  "Huyện Quang Bình",
  "Huyện Quảng Ðiền",
  "Huyện Quảng Ninh",
  "Huyện Quảng Trạch",
  "Huyện Quảng Xương",
  "Huyện Quế Phong",
  "Huyện Quỳ Châu",
  "Huyện Quỳ Hợp",
  "Huyện Quỳnh Lưu",
  "Huyện Quỳnh Nhai",
  "Huyện Quỳnh Phụ",
  "Huyện Sa Pa",
  "Huyện Sa Thầy",
  "Huyện Si Ma Cai",
  "Huyện Sơn Dương",
  "Huyện Sơn Hà",
  "Huyện Sơn Hòa",
  "Huyện Sơn Tây",
  "Huyện Sơn Tịnh",
  "Huyện Sông Hinh",
  "Huyện Sông Mã",
  "Huyện Tam Bình",
  "Huyện Tam Dương",
  "Huyện Tam Đảo",
  "Huyện Tam Đường",
  "Huyện Tam Nông",
  "Huyện Tân Châu",
  "Huyện Tân Hiệp",
  "Huyện Tân Hồng",
  "Huyện Tân Hưng",
  "Huyện Tân Lạc",
  "Huyện Tân Phú",
  "Huyện Tân Phước",
  "Huyện Tân Thành",
  "Huyện Tân Thạnh",
  "Huyện Tân Trụ",
  "Huyện Tánh Linh",
  "Huyện Tây Sơn",
  "Huyện Thạch An",
  "Huyện Thạch Hà",
  "Huyện Thái Thụy",
  "Huyện Than Uyên",
  "Huyện Thanh Ba",
  "Huyện Thanh Bình",
  "Huyện Thanh Chương",
  "Huyện Thạnh Hóa",
  "Huyện Thanh Liêm",
  "Huyện Thanh Miện",
  "Huyện Thạnh Phú",
  "Huyện Thạnh Trị",
  "Huyện Tháp Mười",
  "Huyện Thiệu Hóa",
  "Huyện Thọ Xuân",
  "Huyện Thới Bình",
  "Huyện Thống Nhất",
  "Huyện Thông Nông",
  "Huyện Thủ Thừa",
  "Huyện Thuận Châu",
  "Huyện Thuận Thành",
  "Huyện Thường Xuân",
  "Huyện Tiên Du",
  "Huyện Tiền Hải",
  "Huyện Tiên Lữ",
  "Huyện Tiên Phước",
  "Huyện Tiên Yên",
  "Huyện Tiểu Cần",
  "Huyện Trà Bồng",
  "Huyện Trà Cú",
  "Huyện Trà Lĩnh",
  "Huyện Trà My",
  "Huyện Trà Ôn",
  "Huyện Trạm Tấu",
  "Huyện Trấn Yên",
  "Huyện Trảng Bàng",
  "Huyện Trảng Bom",
  "Huyện Tri Tôn",
  "Huyện Triệu Phong",
  "Huyện Triệu Sơn",
  "Huyện Trực Ninh",
  "Huyện Trùng Khánh",
  "Huyện Tư Nghĩa",
  "Huyện Tủa Chùa",
  "Huyện Tuần Giáo",
  "Huyện Tương Dương",
  "Huyện Tuy Phong",
  "Huyện Tuy Phước",
  "Huyện Tuyên Hóa",
  "Huyện Văn Bàn",
  "Huyện Văn Chấn",
  "Huyện Vân Đồn",
  "Huyện Vạn Ninh",
  "Huyện Vặn Quan",
  "Huyện Văn Yên",
  "Huyện Vị Xuyên",
  "Huyện Vĩnh Cửu",
  "Huyện Vĩnh Hưng",
  "Huyện Vĩnh Linh",
  "Huyện Vĩnh Lộc",
  "Huyện Vĩnh Thạnh",
  "Huyện Vĩnh Thuận",
  "Huyện Vụ Bản",
  "Huyện Vũ Thư",
  "Huyện Vũng Liêm",
  "Huyện Xín Mần",
  "Huyện Xuyên Mộc",
  "Huyện Ý Yên",
  "Huyện Yên Châu",
  "Huyện Yên Định",
  "Huyện Yên Khánh",
  "Huyện Yên Lạc",
  "Huyện Yên Lập",
  "Huyện Yên Minh",
  "Huyện Yên Mô",
  "Huyện Yên Phong",
  "Huyện Yên Sơn",
  "Huyện Yên Thành",
  "Huyện Yên Thế",
  "Kien Luong Town",
  "Kon Tum",
  "Kwang Binh",
  "La Gi",
  "Lạng Sơn",
  "Lào Cai",
  "Lao Chải",
  "Long Biên",
  "Long Xuyên",
  "Mê Linh",
  "Móng Cái",
  "Mỹ Đức",
  "Mỹ Tho",
  "Nam Định",
  "Nam Từ Liêm",
  "Nha Trang",
  "Ninh Bình",
  "Phan Rang-Tháp Chàm",
  "Phan Thiết",
  "Phú Khương",
  "Phủ Lý",
  "Phú Xuyên",
  "Phúc Thọ",
  "Pleiku",
  "Quảng Ngãi",
  "Qui Nhon",
  "Quốc Oai",
  "Rạch Giá",
  "Sa Dec",
  "Sa Pa",
  "Sóc Sơn",
  "Sóc Trăng",
  "Sơn La",
  "Sơn Tây",
  "Sông Cầu",
  "Tam Kỳ",
  "Tân An",
  "Tây Hồ",
  "Tây Ninh",
  "Thạch Thất",
  "Thái Bình",
  "Thái Nguyên",
  "Thanh Hóa",
  "Thanh Oai",
  "Thành Phố Cam Ranh",
  "Thành Phố Mỹ Tho",
  "Thành Phố Nha Trang",
  "Thành Phố Phan Thiết",
  "Thành Phố Uông Bí",
  "Thành Phố Việt Trì",
  "Thành Phố Vũng Tàu",
  "Thanh Trì",
  "Thanh Xuân",
  "Thị Trấn Tân Thành",
  "Thị Xã Bắc Kạn",
  "Thị Xã Chí Linh",
  "Thị Xã Gò Công",
  "Thị Xã Mưòng Lay",
  "Thị Xã Ninh Hòa",
  "Thị Xã Phú Mỹ",
  "Thị xã Phú Thọ",
  "Thị Xã Phước Long",
  "Thới Lai",
  "Thủ Dầu Một",
  "Thường Tín",
  "Trà Vinh",
  "Tuy Hòa",
  "Tuyên Quang",
  "Ứng Hòa",
  "Vị Thanh",
  "Việt Trì",
  "Vinh",
  "Vĩnh Long",
  "Vĩnh Thạnh",
  "Vĩnh Yên",
  "Vũng Tàu",
  "Yên Bái",
  "Yên Vinh"
]